kind,security_type,symbol,new_symbol,name,exchange,asset_record,ex_date,old_rate,new_rate,ratio,pre_close_date,pre_close,ret_1d_pct,ret_2d_pct,ret_3d_pct,ret_5d_pct,ex_ret_pct,ex_jump_matches_ratio,post_1d_pct,post_2d_pct,post_3d_pct,post_5d_pct,post_10d_pct
reverse,stock,MTNB,,"Matinas BioPharma Holdings, Inc.",AMEX,present,2024-09-03,50,1,1:50,2024-08-30,0.0933,0.0,0.0,0.0,-9.505,-14.255,True,-7.0,-9.0,-13.75,-10.0,-10.2
reverse,stock,ORKA,,"Oruka Therapeutics, Inc. Common Stock",NASDAQ,present,2024-09-03,12,1,1:12,2024-08-30,2.4,-4.0,-31.232,-38.144,-42.308,-11.458,True,9.765,-4.667,-2.0,10.118,3.804
reverse,stock,TCS,,,,missing (delisted since),2024-09-04,15,1,1:15,2024-09-03,0.8984,10.423,11.769,-7.401,-19.786,-15.257,True,-0.263,-6.392,-9.194,-10.07,24.168
reverse,stock,BIRD,,"Smartbird, Inc. Class A Common Stock",NASDAQ,present,2024-09-05,20,1,1:20,2024-09-04,0.5721,-2.522,-19.012,-20.142,-24.674,-15.312,True,10.733,8.256,13.313,35.397,32.095
reverse,stock,DPRO,,Draganfly Inc. Common Shares,NASDAQ,present,2024-09-05,25,1,1:25,2024-09-04,0.1033,2.277,-4.263,-5.92,-8.341,-10.552,True,-1.299,-12.554,-23.81,-13.853,-2.165
reverse,stock,LITB,,"LightInTheBox Holding Co., Ltd. American Depositary Shares, each representing twelve ordinary shares",NYSE,present,2024-09-05,6,1,1:6,2024-09-04,0.441,-4.13,-15.192,-32.154,-33.843,2.419,True,-2.214,-5.904,32.841,69.742,15.867
reverse,stock,TNON,,"Tenon Medical, Inc. Common Stock",NASDAQ,present,2024-09-06,8,1,1:8,2024-09-05,0.6036,37.557,25.541,23.108,18.353,-18.82,True,-18.112,-19.898,-21.939,92.602,39.541
reverse,stock,BKSY,,BlackSky Technology Inc.,NYSE,present,2024-09-09,8,1,1:8,2024-09-06,0.7765,-12.061,-30.045,-30.045,-33.632,13.49,True,1.986,-6.525,-13.759,-18.298,-23.688
reverse,etf,FAX,,"abrdn Asia-Pacific Income Fund, Inc",AMEX,present,2024-09-09,6,1,1:6,2024-09-06,2.77,-0.717,-1.071,-1.423,-1.423,1.143,True,-0.416,-0.416,-0.595,0.773,2.439
reverse,stock,PRFX,,PRF Technologies Ltd. Ordinary Shares,NASDAQ,present,2024-09-09,6,1,1:6,2024-09-06,0.2573,24.12,19.619,22.524,10.524,2.993,True,-33.333,-40.252,-47.799,-42.95,-61.006
forward,stock,TTEK,,"Tetra Tech, Inc. Common Stock",NASDAQ,present,2024-09-09,1,5,5:1,2024-09-06,225.23,-3.43,-3.467,-3.376,-4.523,1.208,True,1.777,2.413,1.031,2.215,2.632
reverse,etf,PSIL,,AdvisorShares Psychedelics ETF,ARCA,present,2024-09-10,10,1,1:10,2024-09-09,0.805,0.437,-0.813,-3.0,-9.04,-2.947,True,-0.116,0.884,1.756,2.78,2.043
reverse,stock,SIRI,,SiriusXM Holdings Inc. Common Stock,NASDAQ,present,2024-09-10,10,1,1:10,2024-09-09,2.67,-2.198,-8.247,-8.874,-18.845,2.547,True,3.397,-6.793,-10.482,-15.011,-11.98
reverse,stock,ALLR,,"Allarity Therapeutics, Inc. Common Stock",NASDAQ,present,2024-09-11,30,1,1:30,2024-09-10,0.1135,-21.071,-31.378,-31.873,-32.239,11.016,True,-23.812,-9.791,-10.584,-39.155,-39.42
reverse,stock,HYZN,,,,missing (delisted since),2024-09-11,50,1,1:50,2024-09-10,0.0541,1.501,-16.769,-15.469,-12.46,-6.839,True,-9.127,-10.714,-6.746,-0.794,-9.524
reverse,stock,WTO,,,,missing (delisted since),2024-09-11,25,1,1:25,2024-09-10,0.04,-15.966,-39.394,-38.176,-51.16,-21.19,True,-2.424,-16.254,-21.964,-35.262,-41.353
forward,stock,CTAS,,Cintas Corporation Common Stock,NASDAQ,present,2024-09-12,1,4,4:1,2024-09-11,819.83,0.418,1.878,4.851,1.87,0.518,True,0.849,-0.519,-1.092,-1.107,0.481
reverse,stock,YJ,,Yunji Inc. American Depository Shares,NASDAQ,present,2024-09-13,4,1,1:4,2024-09-12,0.48,-7.692,6.667,-3.923,-7.675,12.01,True,6.947,5.087,0.437,2.762,-2.353
reverse,stock,ISPC,,iSpecimen Inc. Common Stock,NASDAQ,present,2024-09-16,20,1,1:20,2024-09-13,0.1928,3.656,-20.363,-21.37,-23.794,15.923,True,16.331,23.49,6.04,24.385,5.145
reverse,stock,KSCP,,"Knightscope, Inc. Class A Common Stock",NASDAQ,present,2024-09-16,50,1,1:50,2024-09-13,0.201,2.603,-0.985,-13.137,-8.051,-23.582,True,-32.031,-26.953,-32.682,-32.292,-4.167
reverse,stock,ZEPP,,"Zepp Health Corporation American depositary shares, each representing sixteen Class A ordinary shares",NYSE,present,2024-09-16,4,1,1:4,2024-09-13,0.835,-0.831,-1.183,5.403,2.316,2.096,True,-2.933,-4.106,-4.399,-7.625,27.566
forward,stock,DECK,,Deckers Outdoor Corp,NYSE,present,2024-09-17,1,6,6:1,2024-09-16,937.68,0.279,2.018,3.126,4.875,-0.755,True,1.373,-1.928,-2.818,-0.451,0.335
reverse,stock,IVDA,,"Iveda Solutions, Inc. Common Stock",NASDAQ,present,2024-09-17,8,1,1:8,2024-09-16,0.2395,-7.386,-14.464,-11.263,-20.273,-9.708,True,-1.156,12.717,3.468,7.514,-7.509
reverse,stock,LKCO,,,,missing (delisted since),2024-09-17,8,1,1:8,2024-09-16,0.5766,-5.475,-0.069,6.778,2.964,-20.872,True,-27.945,-24.11,-26.849,-26.027,-33.973
reverse,stock,MULN,,,,missing (delisted since),2024-09-17,100,1,1:100,2024-09-16,0.1184,-10.439,-29.102,-32.343,-30.353,-11.74,True,-23.158,-26.411,-36.077,-51.483,-69.187
reverse,stock,PPBT,,Purple Biotech Ltd. American Depositary Shares,NASDAQ,present,2024-09-17,20,1,1:20,2024-09-16,0.401,3.618,11.389,5.526,-1.11,-8.106,True,-3.662,-5.29,-6.512,-18.589,-21.776
reverse,stock,BNZI,,,,missing (delisted since),2024-09-19,50,1,1:50,2024-09-18,0.07,-6.04,-4.11,-12.39,-14.53,-17.714,True,97.569,45.833,186.111,111.111,44.792
reverse,stock,CYBN,,,,missing (delisted since),2024-09-19,38,1,1:38,2024-09-18,0.204,2.051,2.0,2.0,-1.402,10.423,True,7.243,12.5,16.822,15.421,3.271
reverse,stock,GDHG,,Golden Heaven Group Holdings Ltd. Class A Ordinary Shares,NASDAQ,present,2024-09-19,50,1,1:50,2024-09-18,0.0834,-19.029,-20.571,-16.683,-20.571,-26.139,True,-2.273,-6.494,-5.195,-4.545,-17.857
reverse,stock,MKFG,,,,missing (delisted since),2024-09-19,10,1,1:10,2024-09-18,0.1801,-8.579,-10.974,-7.877,-8.159,14.936,True,-7.729,20.29,31.884,131.401,128.986
reverse,stock,WHLR,,"Wheeler Real Estate Investment Trust, Inc. Common Stock",NASDAQ,present,2024-09-20,3,1,1:3,2024-09-19,6.27,-6.973,-32.581,-14.694,31.723,-25.572,True,-6.0,-17.143,-31.214,-35.643,-3.071
reverse,stock,EVTL,,Vertical Aerospace Ltd.,NYSE,present,2024-09-23,10,1,1:10,2024-09-20,0.66,-8.827,-15.859,-18.063,-25.331,-12.121,True,1.724,-0.862,7.414,19.483,9.828
reverse,stock,MPLN,,,,missing (delisted since),2024-09-23,40,1,1:40,2024-09-20,0.1881,-11.399,-20.059,-27.654,-17.86,18.953,True,-17.43,-19.33,-12.067,-14.637,2.011
reverse,stock,OTRK,,,,missing (delisted since),2024-09-23,15,1,1:15,2024-09-20,0.209,1.456,-2.7,-3.241,-2.881,6.858,True,-22.537,-24.179,-20.896,-27.463,-45.672
reverse,stock,RSLS,,"ReShape Lifesciences, Inc. Common Stock",NASDAQ,present,2024-09-23,58,1,1:58,2024-09-20,0.112,-10.112,-28.251,-30.521,-33.254,22.999,True,-19.65,-28.911,-30.538,-29.287,-34.418
reverse,stock,TRAW,,"Traws Pharma, Inc. Common Stock",NASDAQ,present,2024-09-23,25,1,1:25,2024-09-20,0.2842,-8.323,-7.667,-17.143,-18.73,5.559,True,-0.8,-6.267,-18.667,-21.6,-30.133
reverse,stock,BBGI,,"Beasley Broadcast Group, Inc. Class A Common Stock",NASDAQ,present,2024-09-24,20,1,1:20,2024-09-23,0.475,-2.263,-8.724,-11.232,-14.26,6.579,True,-0.494,6.667,11.704,9.903,22.37
reverse,stock,EJH,,E-Home Household Service Holdings Limited Ordinary Shares,NASDAQ,present,2024-09-24,10,1,1:10,2024-09-23,0.1021,8.271,4.611,-3.679,0.196,10.676,True,-7.965,-7.08,-11.504,-10.619,-14.327
reverse,stock,ONCO,,"Onconetix, Inc. Common Stock",NASDAQ,present,2024-09-24,40,1,1:40,2024-09-23,0.0742,-9.951,-35.758,-37.119,-38.728,30.31,True,-12.866,-13.243,54.101,13.249,31.865
reverse,stock,ARQQ,,Arqit Quantum Inc. Ordinary Shares,NASDAQ,present,2024-09-25,25,1,1:25,2024-09-24,0.2501,13.682,5.261,0.0,-15.82,-28.669,True,25.561,12.556,27.803,1.57,-13.677
reverse,stock,FRGT,,"Freight Technologies, Inc. Ordinary Shares",NASDAQ,present,2024-09-25,25,1,1:25,2024-09-24,0.0838,3.457,-26.362,-35.24,-23.956,0.239,True,2.381,-2.381,-8.095,-10.714,-18.095
reverse,stock,NLSP,,,,missing (delisted since),2024-09-27,40,1,1:40,2024-09-26,0.125,-5.518,-10.072,-7.817,-8.692,4.0,True,-2.5,0.0,-4.231,-5.769,-14.423
reverse,stock,SEEL,,,,missing (delisted since),2024-09-27,16,1,1:16,2024-09-26,0.3125,-7.599,4.515,64.474,53.337,-22.0,True,-3.718,-17.436,-16.154,-12.564,-37.692
reverse,stock,CNET,,ZW Data Action Technologies Inc. Common Stock,NASDAQ,present,2024-09-30,4,1,1:4,2024-09-27,0.805,25.781,46.39,43.904,57.288,36.646,True,-25.0,-38.182,-43.182,-46.364,-57.727
reverse,stock,LXEH,,"Lixiang Education Holding Co., Ltd. American Depositary Shares",NASDAQ,present,2024-09-30,10,1,1:10,2024-09-27,0.265,-5.357,4.743,14.719,15.117,55.094,True,-16.058,-8.285,-15.815,-1.46,-28.224
forward,stock,RYAAY,,Ryanair Holdings plc American Depositary Shares,NASDAQ,present,2024-09-30,1,2.5,2.5:1,2024-09-27,112.68,-4.265,-2.887,-1.718,-0.932,0.24,True,-1.837,-4.803,-5.268,-6.817,-2.191
reverse,stock,SONN,,,,missing (delisted since),2024-09-30,8,1,1:8,2024-09-27,0.7096,-2.795,-2.407,-21.164,-29.04,17.848,True,-8.371,-17.408,-22.945,-29.746,-30.792
forward,stock,SMCI,,"Super Micro Computer, Inc. Common Stock",NASDAQ,present,2024-10-01,1,10,10:1,2024-09-30,416.4,-0.796,3.479,-9.113,-10.632,-2.618,True,3.576,2.466,1.677,11.837,17.781
forward,stock,AGBA,,,,missing (delisted since),2024-10-02,1,1.9365,1.9365:1,2024-10-01,2.23,-5.907,-3.463,-1.327,14.359,29.389,True,2.685,6.04,-3.356,-15.436,
reverse,etf,SFY,,SoFi Select 500 ETF,ARCA,present,2024-10-02,5,1,1:5,2024-10-01,20.515,-1.275,-1.037,-1.465,-1.133,0.258,True,0.146,1.449,0.758,2.771,4.035
reverse,stock,SOBR,,"SOBR Safe, Inc. Common Stock",NASDAQ,present,2024-10-02,110,1,1:110,2024-10-01,0.067,15.12,-18.293,-20.897,-27.411,-13.163,True,-31.249,-40.624,57.815,12.658,23.752
reverse,stock,CETX,,Cemtrex Inc. Common Stock,NASDAQ,present,2024-10-03,60,1,1:60,2024-10-02,0.0872,-5.933,-24.174,-29.106,-37.491,-51.07,False,,,,,
reverse,stock,KRKR,,36Kr Holdings Inc. American Depositary Shares,NASDAQ,present,2024-10-03,20,1,1:20,2024-10-02,0.2801,6.908,-5.051,18.086,43.936,-13.067,True,15.127,10.883,10.883,-7.392,-5.544
forward,stock,LRCX,,Lam Research Corporation Common Stock,NASDAQ,present,2024-10-03,1,10,10:1,2024-10-02,814.09,2.096,-0.244,-1.575,1.286,-0.367,True,0.53,-0.616,-0.123,1.171,-9.826
reverse,stock,UPXI,,"Upexi, Inc. Common Stock",NASDAQ,present,2024-10-03,20,1,1:20,2024-10-02,0.1898,-7.998,-3.163,-9.619,-14.427,-15.701,True,-26.875,-18.75,-18.125,-25.925,2.5
reverse,stock,BDRX,,Biodexa Pharmaceuticals plc American Depositary Shs,NASDAQ,present,2024-10-04,25,1,1:25,2024-10-03,0.2403,-13.871,-21.471,-14.848,-18.542,-7.615,True,7.387,1.261,-13.694,-5.405,2.703
reverse,stock,LSB,,,,missing (delisted since),2024-10-04,10,1,1:10,2024-10-03,0.682,0.0,0.0,0.0,-12.362,-20.088,True,-39.266,-26.422,-28.257,-30.826,-42.202
reverse,stock,SIFY,,Sify Technologies Limited American Depositary Shares,NASDAQ,present,2024-10-04,6,1,1:6,2024-10-03,0.3768,1.263,5.902,4.667,-3.607,-1.805,True,8.108,21.171,16.216,52.252,74.775
reverse,stock,STRM,,,,missing (delisted since),2024-10-04,15,1,1:15,2024-10-03,0.1999,-10.399,-11.156,-13.125,-12.707,-14.29,True,-14.397,-14.397,2.335,-8.171,-11.284
reverse,stock,HDRO,,,,missing (delisted since),2024-10-07,8,1,1:8,2024-10-04,4.56,-1.512,-2.772,-2.355,-6.366,2.319,True,-1.842,-3.319,-5.69,-5.096,-6.499
reverse,stock,OKUR,,"OnKure Therapeutics, Inc. Class A Common Stock",NASDAQ,present,2024-10-07,10,1,1:10,2024-10-04,1.82,5.202,10.303,6.433,9.639,2.473,True,3.003,-0.804,1.877,0.214,-0.536
reverse,stock,AGFY,,,,missing (delisted since),2024-10-08,15,1,1:15,2024-10-07,0.205,-9.692,-9.332,-9.01,-9.692,4.715,True,15.528,-9.006,-12.348,-5.901,12.413
reverse,stock,AZ,,A2Z Cust2Mate Solutions Corp. Common Shares,NASDAQ,present,2024-10-08,2.5,1,1:2.5,2024-10-07,0.76,-3.797,-1.299,-6.599,-5.0,1.579,True,3.627,37.824,47.15,54.922,118.135
reverse,stock,SGD,,,,missing (delisted since),2024-10-08,20,1,1:20,2024-10-07,0.2339,-11.065,-16.494,-20.712,-26.677,-13.211,True,-6.404,-11.084,-8.621,-17.488,-33.251
reverse,stock,VMAR,,Vision Marine Technologies Inc. Common Shares,NASDAQ,present,2024-10-08,9,1,1:9,2024-10-07,0.503,3.519,-5.076,-5.999,-12.491,-13.85,True,-18.046,-23.077,-17.436,4.615,-2.564
reverse,stock,DWTX,,"Dogwood Therapeutics, Inc. Common Stock",NASDAQ,present,2024-10-09,25,1,1:25,2024-10-08,0.155,12.4,-8.392,-1.148,-0.513,-26.968,True,10.247,45.58,58.657,56.537,45.936
reverse,stock,HOLO,,MicroCloud Hologram Inc. Ordinary Shares,NASDAQ,present,2024-10-09,20,1,1:20,2024-10-08,0.2589,-7.536,4.311,-1.857,-33.785,26.883,True,-12.481,-18.265,-19.178,-20.548,-36.834
reverse,stock,MAXN,,,,missing (delisted since),2024-10-09,100,1,1:100,2024-10-08,0.0711,-9.657,-15.458,-15.558,-15.957,-10.97,True,-17.299,-16.904,-10.742,-4.265,-17.852
forward,stock,SONY,,Sony Group Corporation American Depositary Shares (Each Representing One Share of Dollar Validated Common Stock),NYSE,present,2024-10-09,1,5,5:1,2024-10-08,95.14,-0.544,0.306,1.213,-1.715,0.116,True,-0.997,-0.367,0.21,-1.942,-7.979
reverse,stock,SQNS,,Sequans Communications S.A. American Depositary Shares (each representing one hundred (100) Ordinary Shares),NYSE,present,2024-10-09,2.5,1,1:2.5,2024-10-08,1.03,-0.962,-3.738,-5.069,-7.207,-6.796,True,-0.417,0.0,-4.167,-1.667,-1.25
reverse,stock,VERB,,,,missing (delisted since),2024-10-09,200,1,1:200,2024-10-08,0.0425,1.19,-13.088,-16.008,-8.207,-18.706,True,-24.602,14.472,81.331,42.547,58.611
reverse,stock,XPON,,"Expion Energy, Inc. Common Stock",NASDAQ,present,2024-10-09,100,1,1:100,2024-10-08,0.0301,-11.988,-36.229,-37.681,-38.697,-1.661,True,-22.297,-19.257,18.919,-7.432,3.378
reverse,stock,INHD,,Inno Holdings Inc. Common Stock,NASDAQ,present,2024-10-10,10,1,1:10,2024-10-09,0.68,21.429,23.681,23.636,24.771,-29.118,True,-24.274,-23.446,-9.544,-14.523,-18.05
reverse,stock,WLDS,,Wearable Devices Ltd. Ordinary Share,NASDAQ,present,2024-10-10,20,1,1:20,2024-10-09,0.229,-4.424,5.046,-4.424,5.627,-9.389,True,-13.253,-10.602,-3.614,-2.651,-18.26
reverse,stock,WLDSW,,Wearable Devices Ltd. Warrant,NASDAQ,present,2024-10-10,20,1,1:20,2024-10-09,0.0184,-1.604,-0.541,-6.599,-7.538,8.696,True,-34.625,-53.625,-54.925,-52.35,-55.0
forward,etf,FNDA,,Schwab Fundamental U.S. Small Company ETF,ARCA,present,2024-10-11,1,2,2:1,2024-10-10,58.52,-0.459,-0.102,-0.29,0.257,1.64,True,0.572,0.74,2.051,1.715,-1.009
forward,etf,FNDB,,Schwab Fundamental U.S. Broad Market ETF,ARCA,present,2024-10-11,1,3,3:1,2024-10-10,70.12,-0.341,0.372,0.631,0.704,0.927,True,0.763,0.382,1.06,1.145,-0.89
forward,etf,FNDX,,Schwab Fundamental U.S. Large Company ETF,ARCA,present,2024-10-11,1,3,3:1,2024-10-10,71.52,-0.334,0.393,0.619,0.633,0.923,True,0.748,0.249,0.914,0.956,-0.914
forward,stock,NVEE,,,,missing (delisted since),2024-10-11,1,4,4:1,2024-10-10,91.18,-2.251,-0.967,0.562,0.374,1.25,True,1.69,1.343,2.6,1.906,-5.199
forward,etf,SCHA,,Schwab U.S Small- Cap ETF,ARCA,present,2024-10-11,1,2,2:1,2024-10-10,50.66,-0.55,-0.197,-0.079,0.357,2.013,True,0.58,0.658,2.167,1.896,-0.967
forward,etf,SCHB,,Schwab U.S. Broad Market ETF,ARCA,present,2024-10-11,1,3,3:1,2024-10-10,66.7,-0.18,0.497,1.352,1.476,0.75,True,0.759,0.089,0.625,0.982,-0.179
forward,etf,SCHD,,Schwab US Dividend Equity ETF,ARCA,present,2024-10-11,1,3,3:1,2024-10-10,84.62,-0.388,0.547,0.38,0.356,1.182,True,0.526,0.105,0.911,0.946,-1.367
forward,etf,SCHF,,Schwab International Equity ETF,ARCA,present,2024-10-11,1,2,2:1,2024-10-10,40.34,-0.173,-0.074,-0.272,-0.198,0.446,True,0.296,-1.234,-0.888,-0.247,-2.813
forward,etf,SCHG,,Schwab U.S. Large-Cap Growth ETF,ARCA,present,2024-10-11,1,4,4:1,2024-10-10,105.35,0.057,0.698,2.341,2.361,0.313,True,0.871,-0.227,-0.038,0.53,0.606
forward,etf,SCHI,,Schwab 5-10 Year Corporate Bond ETF,ARCA,present,2024-10-11,1,2,2:1,2024-10-10,45.44,0.022,-0.198,-0.022,-0.981,0.088,True,-0.088,0.22,0.396,0.0,-1.011
forward,etf,SCHJ,,Schwab 1-5 Year Corporate Bond ETF,ARCA,present,2024-10-11,1,2,2:1,2024-10-10,49.19,0.081,-0.041,0.081,-0.445,0.102,True,-0.047,0.041,0.162,0.081,-0.325
forward,etf,SCHK,,Schwab 1000 Index ETF,ARCA,present,2024-10-11,1,2,2:1,2024-10-10,55.5,-0.108,0.598,1.407,1.518,0.649,True,0.752,0.107,0.573,0.895,-0.107
forward,etf,SCHM,,Schwab U.S. Mid-Cap ETF,ARCA,present,2024-10-11,1,3,3:1,2024-10-10,82.7,-0.385,0.17,0.364,0.523,1.427,True,0.572,0.465,1.216,1.323,-1.109
forward,etf,SCHO,,Schwab Short-Term U.S. Treasury ETF,ARCA,present,2024-10-11,1,2,2:1,2024-10-10,48.59,0.082,0.0,0.041,-0.41,0.103,True,-0.123,0.0,0.0,0.0,-0.206
forward,etf,SCHP,,Schwab U.S. TIPS ETF,ARCA,present,2024-10-11,1,2,2:1,2024-10-10,53.19,0.207,0.056,0.226,-0.579,0.019,True,-0.188,-0.038,0.0,-0.188,-1.165
forward,etf,SCHR,,Schwab Intermediately-Term U.S. Treasury ETF,ARCA,present,2024-10-11,1,2,2:1,2024-10-10,49.72,0.04,-0.201,-0.121,-1.192,0.08,True,-0.201,0.161,0.281,0.04,-0.723
forward,etf,SCHV,,Schwab U.S. Large-Cap Value ETF,ARCA,present,2024-10-11,1,3,3:1,2024-10-10,80.09,-0.398,0.326,0.527,0.527,1.136,True,0.63,0.296,1.0,1.111,-1.074
forward,etf,SCHX,,Schwab U.S. Large- Cap ETF,ARCA,present,2024-10-11,1,3,3:1,2024-10-10,68.17,-0.176,0.546,1.459,1.504,0.689,True,0.787,0.044,0.524,0.874,-0.131
forward,etf,SCHZ,,Schwab US Aggregate Bond ETF,ARCA,present,2024-10-11,1,2,2:1,2024-10-10,46.68,-0.064,-0.299,-0.171,-1.144,0.086,True,-0.128,0.257,0.342,-0.043,-0.942
forward,etf,SCYB,,Schwab High Yield Bond ETF,ARCA,present,2024-10-11,1,2,2:1,2024-10-10,52.9,-0.038,-0.057,0.133,-0.414,0.454,True,-0.169,-0.226,-0.075,0.075,-0.677
reverse,stock,PIXY,,,,missing (delisted since),2024-10-14,15,1,1:15,2024-10-11,0.65,-4.412,2.54,4.906,8.315,-0.923,True,-29.607,-43.064,-12.629,-9.576,
reverse,stock,UAVS,,"AgEagle Aerial Systems, Inc.",AMEX,present,2024-10-15,50,1,1:50,2024-10-14,0.0962,0.0,0.0,0.0,0.0,-44.075,False,,,,,
reverse,stock,DLPN,,"Dolphin Entertainment, Inc. Common Stock",NASDAQ,present,2024-10-16,2,1,1:2,2024-10-15,0.73,5.951,16.987,13.003,7.353,-0.685,True,-2.069,6.207,2.855,-8.966,-20.269
reverse,stock,ME,,,,missing (delisted since),2024-10-16,20,1,1:20,2024-10-15,0.2701,-7.022,-7.437,-9.907,-8.067,-1.148,True,-8.052,-8.052,-8.427,-11.61,-9.925
reverse,stock,MGRX,,"Mangoceuticals, Inc. Common Stock",NASDAQ,present,2024-10-16,15,1,1:15,2024-10-15,0.1766,-4.022,-14.272,-18.127,-12.139,-6.757,True,7.287,2.834,-1.619,-4.049,0.0
reverse,stock,STSS,,,,missing (delisted since),2024-10-16,22,1,1:22,2024-10-15,0.1414,-8.479,-8.182,-9.359,-7.702,4.153,True,-23.457,-10.802,-5.247,-15.432,-9.877
reverse,stock,PEGY,,,,missing (delisted since),2024-10-17,50,1,1:50,2024-10-16,0.1014,-1.934,-18.75,-14.718,-6.801,8.679,True,47.913,17.786,-7.26,-18.33,-28.494
reverse,stock,BIOR,,,,missing (delisted since),2024-10-18,10,1,1:10,2024-10-17,0.5538,-6.136,0.072,5.065,0.344,-22.355,True,5.581,3.953,-10.233,-9.302,-22.107
reverse,stock,HURA,,"TuHURA Biosciences, Inc. Common Stock",NASDAQ,present,2024-10-18,35,1,1:35,2024-10-17,0.2154,-6.307,-5.11,8.843,22.247,-16.435,True,-12.222,-16.622,-19.206,-26.824,-3.333
reverse,stock,SDOT,,Sadot Group Inc. Common Stock,NASDAQ,present,2024-10-18,10,1,1:10,2024-10-17,0.307,2.333,-7.139,-6.97,-3.155,2.932,True,5.38,18.671,15.19,-10.127,-17.712
reverse,stock,KWE,,,,missing (delisted since),2024-10-23,10,1,1:10,2024-10-22,0.1192,-11.704,-17.793,-15.22,-17.222,112.248,False,,,,,
reverse,stock,CTNT,,Cheetah Net Supply Chain Service Inc Class A Common Stock,NASDAQ,present,2024-10-24,16,1,1:16,2024-10-23,0.1894,-13.358,-21.961,-24.24,-24.027,1.967,True,-6.472,19.094,-1.942,-8.252,-16.181
reverse,stock,NUKK,,,,missing (delisted since),2024-10-24,8,1,1:8,2024-10-23,0.2734,-10.066,4.113,2.705,-8.286,15.673,True,2.767,5.534,14.625,-12.174,-5.138
reverse,stock,AMIX,,"Autonomix Medical, Inc. Common Stock",NASDAQ,present,2024-10-25,20,1,1:20,2024-10-24,0.495,0.324,-6.604,-4.07,-13.913,-22.121,True,60.571,35.279,32.815,41.634,45.006
reverse,stock,KXIN,,Kaixin Holdings Ordinary Shares,NASDAQ,present,2024-10-25,60,1,1:60,2024-10-24,0.1065,-6.579,-32.166,-36.758,-33.479,-15.962,True,-15.27,-14.711,-22.719,-19.553,-38.547
reverse,stock,AHT,,"Ashford Hospitality Trust, Inc.",NYSE,present,2024-10-28,10,1,1:10,2024-10-25,0.557,1.31,0.378,-1.694,-7.444,9.515,True,-0.984,13.443,18.525,1.148,48.033
reverse,stock,ALBT,,,,missing (delisted since),2024-10-28,15,1,1:15,2024-10-25,0.23,13.749,13.974,16.162,27.778,24.638,True,-23.488,-22.558,-27.209,-47.907,-20.465
reverse,stock,KZIA,,Kazia Therapeutics Limited American Depositary Shares,NASDAQ,present,2024-10-28,10,1,1:10,2024-10-25,0.52,-1.515,-10.236,-8.563,3.503,-10.385,True,15.665,21.888,15.88,41.202,45.494
reverse,stock,SVRE,,SaverOne 2014 Ltd. American Depositary Shares,NASDAQ,present,2024-10-28,18,1,1:18,2024-10-25,0.0807,-7.348,-44.574,-37.683,-32.412,23.227,True,-13.408,-12.849,-19.553,-17.592,-17.966
reverse,stock,MOVE,,"Corvex, Inc. Common Stock",NASDAQ,present,2024-10-29,15,1,1:15,2024-10-28,0.2656,0.912,-10.27,-14.35,-17.259,10.944,True,-24.434,-24.661,-15.611,-13.801,-4.299
reverse,stock,KZR,,,,missing (delisted since),2024-10-30,10,1,1:10,2024-10-29,0.7504,-2.861,-4.493,-6.411,-3.795,9.142,True,-9.035,-11.966,-13.431,-9.28,-7.937
reverse,stock,STBX,,,,missing (delisted since),2024-10-31,16,1,1:16,2024-10-30,0.1283,-4.963,-4.963,-2.061,-7.029,-24.006,True,-27.564,-23.077,-21.154,-14.103,1.282
reverse,stock,FGF,,,,missing (delisted since),2024-11-01,25,1,1:25,2024-10-31,1.04,0.0,-10.345,11.456,11.349,-14.423,True,-31.46,-27.551,-30.337,-17.978,39.371
reverse,etf,DUST,,Direxion Daily Gold Miners Index Bear 2X ETF,ARCA,present,2024-11-04,10,1,1:10,2024-11-01,5.28,2.524,7.975,10.924,8.197,-0.076,True,-0.929,6.027,1.194,15.997,13.817
reverse,stock,MAGN,,Magnera Corporation,NYSE,present,2024-11-04,13,1,1:13,2024-11-01,1.74,-3.867,-7.937,-3.333,0.0,-6.941,True,2.138,-4.988,-12.114,-8.361,-12.684
reverse,stock,NA,,Nano Labs Ltd Class A Ordinary Shares,NASDAQ,present,2024-11-04,10,1,1:10,2024-11-01,0.555,-8.416,-8.173,-8.461,-8.957,-17.117,True,0.0,-28.043,-25.217,-28.478,-5.0
reverse,etf,NVD,,GraniteShares ETF Trust GraniteShares 2x Short NVDA Daily ETF,NASDAQ,present,2024-11-04,25,1,1:25,2024-11-01,1.35,-3.571,6.299,8.871,9.756,-1.422,True,-5.47,-13.105,-17.133,-12.925,-6.673
reverse,etf,TECS,,Direxion Daily Technology Bear 3x ETF,ARCA,present,2024-11-04,10,1,1:10,2024-11-01,5.44,-1.982,7.51,12.165,8.151,0.239,True,-4.053,-12.067,-16.78,-14.891,-7.721
reverse,etf,WEBS,,Direxion Daily Dow Jones Internet Bear 3X ETF,ARCA,present,2024-11-04,10,1,1:10,2024-11-01,4.79,-2.84,-0.416,-0.416,-4.771,0.23,True,-4.041,-12.56,-17.121,-19.517,-13.039
reverse,etf,YANG,,Direxion Daily FTSE China Bear 3X ETF,ARCA,present,2024-11-04,20,1,1:20,2024-11-01,3.64,-1.355,0.0,3.409,0.275,-1.429,True,-7.079,0.878,-15.51,-1.017,5.909
reverse,stock,AQMS,,"Aqua Metals, Inc. Common Stock",NASDAQ,present,2024-11-05,20,1,1:20,2024-11-04,0.125,-9.157,-17.219,-15.541,-23.78,-0.8,True,-8.065,-8.065,-6.855,-16.532,-39.516
reverse,stock,QLGN,,,,missing (delisted since),2024-11-05,50,1,1:50,2024-11-04,0.1011,2.744,2.535,-1.749,-9.893,0.495,True,-7.677,-10.827,-6.102,-22.64,-24.016
forward,stock,RDY,,Dr. Reddy's Laboratories Limited American Depositary Shares,NYSE,present,2024-11-05,1,5,5:1,2024-11-04,73.99,-0.377,0.122,-0.229,-5.673,-1.27,True,4.038,3.285,3.422,1.095,-1.78
reverse,stock,VCIG,,VCI Global Limited Ordinary Share,NASDAQ,present,2024-11-05,49,1,1:49,2024-11-04,0.0594,-1.818,-26.211,-31.646,-22.454,-2.082,True,-22.456,-16.842,-27.719,-41.053,-45.263
reverse,etf,BITI,,ProShares Short Bitcoin ETF,ARCA,present,2024-11-07,5,1,1:5,2024-11-06,6.08,-9.926,-12.644,-10.192,-6.748,-0.526,True,-0.165,-13.558,-15.906,-13.988,-23.512
reverse,etf,BOIL,,ProShares Ultra Bloomberg Natural Gas,ARCA,present,2024-11-07,5,1,1:5,2024-11-06,7.64,4.801,-2.675,4.801,-5.446,-3.168,True,-2.595,12.436,11.733,4.92,38.902
reverse,etf,DUG,,ProShares UltraShort Energy,ARCA,present,2024-11-07,4,1,1:4,2024-11-06,8.83,-7.442,-8.592,-11.964,-11.7,0.849,True,-1.011,-2.358,-1.235,-3.369,-7.692
reverse,etf,EFU,,ProShares Trust UltraShort MSCI EAFE,ARCA,present,2024-11-07,2,1,1:2,2024-11-06,7.5776,2.62,1.035,0.889,1.778,-2.528,True,2.714,1.49,6.073,7.162,7.836
reverse,etf,EPV,,ProShares UltraShort FTSE Europe,ARCA,present,2024-11-07,5,1,1:5,2024-11-06,7.7707,4.585,2.381,2.892,3.748,-3.329,True,3.701,3.035,7.162,8.36,9.372
reverse,etf,EUM,,ProShares Trust Short MSCI Emerging Markets,ARCA,present,2024-11-07,2,1,1:2,2024-11-06,12.8437,1.291,0.185,-0.516,0.128,-2.092,True,2.147,2.823,5.169,6.424,5.885
reverse,etf,EWV,,ProShares Trust UltraShort MSCI Japan,ARCA,present,2024-11-07,4,1,1:4,2024-11-06,10.07,-1.66,-4.55,-5.268,-3.636,-0.856,True,1.99,1.452,3.968,6.723,7.884
reverse,stock,NDRA,,ENDRA Life Sciences Inc. Common Stock,NASDAQ,present,2024-11-07,35,1,1:35,2024-11-06,0.2192,-14.841,-14.675,-21.434,-22.435,-22.836,True,2.365,2.196,2.215,-10.642,-10.98
forward,etf,RXL,,ProShares Ultra Health Care,ARCA,present,2024-11-07,1,2,2:1,2024-11-06,102.6303,0.304,1.836,0.342,-0.193,1.28,True,1.656,0.288,-2.486,-6.138,-6.799
reverse,etf,SDOW,,ProShares UltraPro Short Dow 30,ARCA,present,2024-11-07,4,1,1:4,2024-11-06,11.88,-10.475,-13.221,-11.738,-10.744,-0.084,True,-1.727,-3.686,-1.243,-0.021,-0.8
reverse,etf,SDP,,ProShares UltraShort Utilities,ARCA,present,2024-11-07,2,1,1:2,2024-11-06,8.17,1.998,-0.729,1.491,4.342,0.122,True,-3.969,-4.394,-2.303,-1.072,-9.902
reverse,etf,SEF,,ProShares Short Financials,ARCA,present,2024-11-07,4,1,1:4,2024-11-06,8.74,-5.971,-6.823,-6.231,-5.103,1.441,True,-0.631,-2.153,-1.787,-1.493,-2.504
reverse,etf,SH,,ProShares Short S&P500,ARCA,present,2024-11-07,4,1,1:4,2024-11-06,10.6,-2.484,-3.636,-3.461,-1.852,-0.731,True,-0.356,-0.451,-0.119,0.523,0.618
reverse,etf,SKF,,ProShares UltraShort Financials,ARCA,present,2024-11-07,4,1,1:4,2024-11-06,8.4644,-12.286,-13.892,-12.74,-10.622,3.271,True,-1.53,-4.19,-3.732,-3.208,-5.285
reverse,etf,SMN,,ProShares UltraShort Materials,ARCA,present,2024-11-07,2,1,1:2,2024-11-06,6.62,-2.933,-3.639,-4.207,-0.88,-0.427,True,2.21,2.968,6.648,7.788,4.147
reverse,etf,SQQQ,,ProShares UltraPro Short QQQ,NASDAQ,present,2024-11-07,5,1,1:5,2024-11-06,6.65,-8.022,-11.569,-10.618,-5.807,-4.692,True,-0.189,0.0,0.536,3.124,5.364
reverse,etf,SRS,,ProShares UltraShort Real Estate,ARCA,present,2024-11-07,4,1,1:4,2024-11-06,12.21,5.532,2.691,0.164,6.27,-2.457,True,-3.317,-1.7,0.966,1.196,-2.351
reverse,etf,SSG,,ProShares UltraShort Semiconductors,ARCA,present,2024-11-07,5,1,1:5,2024-11-06,5.18,-8.156,-11.755,-11.604,-7.829,-4.364,True,1.601,6.178,4.321,7.833,9.246
reverse,etf,TWM,,ProShares UltraShort Russell2000,ARCA,present,2024-11-07,5,1,1:5,2024-11-06,7.87,-11.771,-15.011,-15.739,-13.801,0.839,True,-1.336,-4.234,-0.832,3.755,1.588
forward,etf,USD,,ProShares Ultra Semiconductors,ARCA,present,2024-11-07,1,2,2:1,2024-11-06,143.71,7.527,12.493,12.634,5.677,4.279,True,-1.495,-5.325,-4.324,-7.42,-9.462
reverse,etf,VIXY,,ProShares VIX Short-Term Futures ETF,BATS,present,2024-11-07,4,1,1:4,2024-11-06,11.44,-10.063,-14.818,-18.577,-13.595,-3.059,True,-0.428,-0.654,-0.857,-3.336,5.884
forward,etf,YCS,,ProShares UltraShort Yen,ARCA,present,2024-11-07,1,2,2:1,2024-11-06,91.48,4.884,4.096,2.867,2.568,-2.93,True,-0.631,-0.541,2.185,4.725,2.564
reverse,etf,ZSL,,ProShares UltraShort Silver,ARCA,present,2024-11-07,4,1,1:4,2024-11-06,9.26,8.685,7.925,7.3,16.186,-4.806,True,4.509,8.253,7.629,9.614,7.459
reverse,stock,XHG,,XChange TEC.INC American Depositary Shares,NASDAQ,present,2024-11-08,20,1,1:20,2024-11-07,0.1141,-0.436,-5.702,-14.146,-23.984,-12.577,True,12.782,-1.253,-9.774,-20.802,-26.316
reverse,stock,EFSH,,,,missing (delisted since),2024-11-11,15,1,1:15,2024-11-08,0.2407,-0.947,-10.454,1.22,-48.035,-44.883,False,,,,,
reverse,stock,FCEL,,"FuelCell Energy, Inc. Common Stock",NASDAQ,present,2024-11-11,30,1,1:30,2024-11-08,0.2501,-15.105,-27.925,-31.871,-28.297,-10.969,True,-14.671,-10.778,4.94,21.407,56.287
reverse,stock,TRNR,,Interactive Strength Inc. Common Stock,NASDAQ,present,2024-11-11,100,1,1:100,2024-11-08,0.0604,-13.837,-33.553,-37.083,-30.173,-20.695,True,7.724,21.712,-27.14,-47.182,-34.447
reverse,stock,VLCN,,,,missing (delisted since),2024-11-11,8,1,1:8,2024-11-08,0.7544,7.756,-5.665,-2.33,-3.232,13.335,True,-0.877,-27.339,-30.556,-45.614,-23.392
reverse,stock,JTAI,,Jet.AI Inc. Common Stock,NASDAQ,present,2024-11-12,225,1,1:225,2024-11-11,0.0386,-10.233,-32.87,-35.452,-43.732,-23.546,True,22.289,-12.651,-19.428,2.259,-15.663
reverse,stock,DNMR,,,,missing (delisted since),2024-11-13,40,1,1:40,2024-11-12,0.2501,-1.613,-13.759,-21.352,-28.543,4.858,True,-16.015,-17.636,-23.356,-45.567,-42.803
reverse,stock,AKAN,,Akanda Corp. Common Shares,NASDAQ,present,2024-11-14,2,1,1:2,2024-11-13,0.671,-3.384,-12.288,-17.16,-16.125,10.283,True,-6.081,-3.378,-5.405,-9.459,18.243
reverse,stock,INM,,InMed Pharmaceuticals Inc. Common Shares,NASDAQ,present,2024-11-14,20,1,1:20,2024-11-13,0.2324,-7.778,-4.754,-1.484,2.832,9.294,True,-15.734,-16.535,-14.37,-8.465,-15.551
reverse,stock,ADD,,,,missing (delisted since),2024-11-15,100,1,1:100,2024-11-14,0.0718,-7.949,-41.626,-49.006,-57.083,-27.159,True,5.927,1.912,10.899,1.338,-32.314
reverse,stock,TKLF,,"Tokyo Lifestyle Co., Ltd. American Depositary Shares",NASDAQ,present,2024-11-15,10,1,1:10,2024-11-14,0.352,17.333,-5.882,-11.978,-20.81,-24.432,True,12.406,28.195,34.586,25.564,24.812
reverse,stock,TPET,,Trio Petroleum Corp.,AMEX,present,2024-11-15,20,1,1:20,2024-11-14,0.0972,0.0,0.0,0.0,0.0,-18.668,True,-12.087,-15.881,-22.206,-15.249,-34.223
reverse,stock,BJDX,,"Bluejay Diagnostics, Inc. Common Stock",NASDAQ,present,2024-11-18,50,1,1:50,2024-11-15,0.0662,-10.541,-36.346,-38.704,-27.253,12.689,True,-13.137,-7.775,-6.166,0.536,-2.145
reverse,stock,LIFW,,,,missing (delisted since),2024-11-18,25,1,1:25,2024-11-15,0.0728,-20.87,-25.562,-36.084,-41.338,-7.143,True,-0.592,-4.734,-12.426,1.775,-4.142
reverse,stock,SGN,,,,missing (delisted since),2024-11-18,48,1,1:48,2024-11-15,0.177,-11.456,-14.036,-26.219,-4.324,-1.13,True,-23.69,-22.35,-25.0,-11.31,-25.238
reverse,etf,SMCX,,Tidal Trust II Defiance Daily Target 2X Long SMCI ETF,NASDAQ,present,2024-11-18,20,1,1:20,2024-11-15,0.98,5.889,-16.949,-27.941,-44.318,30.204,True,62.226,33.66,74.216,181.23,184.914
reverse,etf,SMST,,Tidal Trust II Defiance Daily Target 2x Short MSTR ETF,NASDAQ,present,2024-11-18,5,1,1:5,2024-11-15,2.1357,-8.731,-8.142,6.785,-53.062,-25.639,True,-25.343,-39.803,-19.402,-23.431,-17.89
reverse,stock,UPC,,Universe Pharmaceuticals Inc. Class A Ordinary Shares,NASDAQ,present,2024-11-18,15,1,1:15,2024-11-15,0.1407,-13.202,-28.214,-39.691,-44.167,1.872,True,-4.651,-13.953,-16.744,-13.488,-6.047
reverse,stock,POLA,,"Polar Power, Inc. Common Stock",NASDAQ,present,2024-11-19,7,1,1:7,2024-11-18,0.393,-14.602,-25.751,-16.383,-18.634,8.87,True,-3.506,-0.167,12.855,-1.503,-0.835
reverse,stock,SOS,,SOS Limited,NYSE,present,2024-11-19,15,1,1:15,2024-11-18,0.7001,-11.648,-15.651,-24.72,-4.606,-13.06,True,-17.963,-8.872,-14.677,-23.877,12.377
reverse,stock,WHLR,,"Wheeler Real Estate Investment Trust, Inc. Common Stock",NASDAQ,present,2024-11-19,2,1,1:2,2024-11-18,5.78,-8.544,-15.249,-16.835,-19.834,-9.17,True,-14.19,-17.238,-19.048,-21.619,-45.238
reverse,etf,BTC,,Grayscale Bitcoin Mini Trust ETF,ARCA,present,2024-11-20,5,1,1:5,2024-11-19,8.22,1.107,1.232,5.792,3.266,1.8,True,4.207,5.282,0.765,2.605,5.019
reverse,etf,ETH,,Grayscale Ethereum Staking Mini ETF Shares,ARCA,present,2024-11-20,10,1,1:10,2024-11-19,2.92,-2.013,0.344,0.0,-6.109,-0.925,True,9.367,7.328,14.31,18.493,24.784
reverse,stock,JFBR,,,,missing (delisted since),2024-11-20,13,1,1:13,2024-11-19,0.2,-15.218,-16.667,-29.898,-35.918,12.308,True,5.479,-1.712,11.644,-14.726,-21.233
reverse,stock,LUXH,,,,missing (delisted since),2024-11-20,70,1,1:70,2024-11-19,0.0281,-7.869,-29.219,-33.882,-32.126,-22.725,True,-13.816,-7.895,-7.895,-17.105,-43.572
reverse,etf,LAZR,,Tema Photonics & Optical ETF,ARCA,present,2024-11-21,15,1,1:15,2024-11-20,0.7594,-5.087,-12.198,-22.51,-27.676,-4.662,True,-17.587,-11.602,-19.982,-18.232,-28.085
reverse,stock,PRFX,,PRF Technologies Ltd. Ordinary Shares,NASDAQ,present,2024-11-21,4,1,1:4,2024-11-20,1.04,-25.714,94.393,95.931,78.388,-23.077,True,-7.188,-10.938,-15.0,-13.125,4.688
reverse,stock,DFLI,,Dragonfly Energy Holdings Corp. Common Stock (NV),NASDAQ,present,2024-11-22,9,1,1:9,2024-11-21,0.3695,-6.927,-0.162,-26.38,-30.935,27.5,True,-7.547,-17.453,-18.396,-16.038,-15.33
reverse,stock,XTKG,,,,missing (delisted since),2024-11-22,20,1,1:20,2024-11-21,0.108,20.0,-25.466,-20.295,-16.279,-2.315,True,-15.64,-10.427,-12.796,-25.118,-53.081
reverse,stock,APLM,,Apollomics Inc. Class A Ordinary Shares,NASDAQ,present,2024-11-25,100,1,1:100,2024-11-22,0.0918,-9.109,-38.718,-44.127,-4.275,5.338,True,-15.615,-15.615,-7.963,19.131,-25.957
reverse,stock,GPUS,,"Hyperscale Data, Inc.",AMEX,present,2024-11-25,35,1,1:35,2024-11-22,0.1816,3.24,0.777,11.411,-2.155,3.996,True,-11.95,-3.782,-9.906,-12.859,7.413
reverse,stock,CETX,,Cemtrex Inc. Common Stock,NASDAQ,present,2024-11-26,35,1,1:35,2024-11-25,0.1102,-4.091,-43.976,-52.906,-39.116,-17.034,True,0.312,-0.625,-2.813,-10.0,3.125
reverse,stock,CTXR,,"Citius Pharmaceuticals, Inc. Common Stock",NASDAQ,present,2024-11-26,25,1,1:25,2024-11-25,0.1335,-0.224,-19.14,-21.424,-40.455,24.345,True,-13.253,-20.0,-22.41,-12.289,-26.265
reverse,stock,GMM,,Global Mofy AI Limited Class A Ordinary Shares,NASDAQ,present,2024-11-26,15,1,1:15,2024-11-25,0.229,-5.019,-15.185,-17.656,-19.252,4.512,True,29.526,30.641,28.134,4.178,-2.786
reverse,etf,MSOX,,AdvisorShares MSOS Daily Leveraged ETF,ARCA,present,2024-11-26,20,1,1:20,2024-11-25,0.6749,7.127,-1.847,-10.657,-15.637,2.978,True,3.669,-2.662,-3.309,-20.288,-31.799
reverse,stock,PBM,,Psyence Biomedical Ltd. Common Shares,NASDAQ,present,2024-11-26,75,1,1:75,2024-11-25,0.0479,10.115,1.915,-4.2,-11.132,-7.029,True,5.09,3.593,-3.293,-24.551,-38.024
reverse,stock,ELAB,,PMGC Holdings Inc. Common Stock,NASDAQ,present,2024-11-27,200,1,1:200,2024-11-26,0.0125,-21.384,-37.811,-38.119,-41.315,-3.6,True,-14.938,-12.863,-17.427,-14.108,-7.469
reverse,etf,SARK,,Investment Managers Series Trust II Tradr 1X Short Innovation Daily ETF,NASDAQ,present,2024-11-27,3,1,1:3,2024-11-26,17.32,2.789,-0.345,-5.303,-1.311,-3.349,True,-2.887,-7.845,-6.053,-10.573,-13.003
forward,etf,TARK,,Investment Managers Series Trust II Tradr 2X Long Innovation ETF,NASDAQ,present,2024-11-27,1,2,2:1,2024-11-26,87.52,-2.993,-0.171,4.953,0.609,3.382,True,2.896,8.179,6.764,11.295,12.754
reverse,etf,TSLQ,,Investment Managers Series Trust II Tradr 2X Short TSLA Daily ETF,NASDAQ,present,2024-11-27,6,1,1:6,2024-11-26,7.49,0.268,8.237,-0.133,3.74,3.204,True,-7.18,-13.605,-10.716,-19.491,-38.4
reverse,stock,UBXG,,,,missing (delisted since),2024-11-27,16,1,1:16,2024-11-26,0.276,-3.833,-5.898,-8.0,-9.211,-11.458,True,1.79,12.788,9.719,-6.394,-14.578
reverse,stock,DBVT,,DBV Technologies S.A. American Depositary Shares,NASDAQ,present,2024-11-29,5,1,1:5,2024-11-27,0.613,1.155,22.6,30.704,20.669,27.243,True,1.795,8.974,5.128,-6.154,-8.462
reverse,stock,SLXN,,Silexion Therapeutics Corp Ordinary Shares,NASDAQ,present,2024-11-29,9,1,1:9,2024-11-27,0.285,-10.938,-7.317,-7.166,-14.44,8.772,True,11.47,2.509,0.717,-1.434,26.165
reverse,stock,FTCI,,"FTC Solar, Inc. Common Stock",NASDAQ,present,2024-12-02,10,1,1:10,2024-11-29,0.3149,-3.789,-12.528,-17.132,-23.753,8.923,True,-5.539,-11.662,-17.201,-1.749,-2.624
reverse,stock,MYNZ,,,,missing (delisted since),2024-12-03,40,1,1:40,2024-12-02,0.1992,-9.455,-22.188,-11.467,-4.0,-13.153,True,5.78,-1.879,0.734,-13.295,-36.127
forward,stock,ANET,,Arista Networks,NYSE,present,2024-12-04,1,4,4:1,2024-12-03,414.46,1.063,2.129,3.025,3.688,1.752,True,1.328,2.675,0.465,1.707,2.504
reverse,stock,APVO,,Aptevo Therapeutics Inc. Common Stock,NASDAQ,present,2024-12-04,37,1,1:37,2024-12-03,0.235,-1.011,-16.101,-31.943,-23.627,15.009,True,-0.2,-3.0,-12.7,0.1,-57.1
reverse,stock,RNAZ,,"TransCode Therapeutics, Inc. Common Stock",NASDAQ,present,2024-12-04,33,1,1:33,2024-12-03,0.2737,-3.32,-21.351,-20.227,-20.436,7.948,True,-10.769,-20.718,-22.769,-19.077,-59.795
reverse,stock,AGRI,,,,missing (delisted since),2024-12-05,100,1,1:100,2024-12-04,0.031,7.266,-17.112,-15.989,-16.216,4.194,True,-10.217,-19.195,-29.102,-32.508,-22.291
reverse,stock,ENSC,,"Ensysce Biosciences, Inc. Common Stock",NASDAQ,present,2024-12-06,15,1,1:15,2024-12-05,0.4829,-4.527,-12.2,-18.153,-3.651,13.067,True,-11.966,-16.361,-17.094,-31.38,-1.099
reverse,stock,HUIZ,,Huize Holding Limited American Depositary Shares,NASDAQ,present,2024-12-09,5,1,1:5,2024-12-06,0.54,-8.722,-3.589,-5.263,-15.625,124.444,False,,,,,
forward,stock,FBYD,,"Falcon's Beyond Global, Inc. Class A Common Stock",NASDAQ,present,2024-12-10,5,6,6:5,2024-12-09,9.49,-3.899,-0.367,-3.655,1.824,45.543,True,-9.991,-18.679,-15.209,-20.169,-23.719
reverse,stock,JL,,J-Long Group Limited Class A Ordinary Shares,NASDAQ,present,2024-12-10,10,1,1:10,2024-12-09,0.3166,9.172,5.393,5.533,-0.346,-1.137,True,-0.958,-9.904,-5.751,-15.655,10.224
forward,stock,WIT,,Wipro Limited,NYSE,present,2024-12-11,1,2,2:1,2024-12-10,7.24,0.836,3.725,0.277,2.26,0.0,True,0.552,1.381,1.657,0.276,-0.276
reverse,stock,BLUE,,,,missing (delisted since),2024-12-13,20,1,1:20,2024-12-12,0.38,-2.962,-9.069,-15.367,-14.376,-16.579,True,23.186,41.483,32.65,34.069,23.975
reverse,stock,DBGI,,"Digital Brands Group, Inc. Common Stock",NASDAQ,present,2024-12-13,50,1,1:50,2024-12-12,0.077,-1.282,-24.878,-19.54,-25.097,-4.156,True,7.317,-33.062,-33.062,-33.062,-33.062
forward,stock,ETR,,Entergy Corporation,NYSE,present,2024-12-13,1,2,2:1,2024-12-12,148.27,0.264,-0.04,-0.863,-3.552,0.142,True,0.7,0.808,-1.414,1.199,2.034
reverse,stock,MLGO,,"MicroAlgo, Inc. Class A Ordinary Shares",NASDAQ,present,2024-12-13,20,1,1:20,2024-12-12,0.129,-4.586,-14.795,-22.754,-26.37,-8.915,True,-5.532,-11.489,-22.553,-22.979,73.191
reverse,stock,MNTS,,Momentus Inc. Class A Common Stock,NASDAQ,present,2024-12-13,14,1,1:14,2024-12-12,0.373,-7.283,-9.024,-33.76,-27.811,13.367,True,32.432,36.655,36.655,30.912,47.635
forward,etf,MSTU,,T-Rex 2X Long MSTR Daily Target ETF,BATS,present,2024-12-16,1,10,10:1,2024-12-13,163.67,6.563,-1.841,15.57,2.937,0.202,True,-9.756,-27.805,-37.988,-36.829,-53.659
reverse,etf,MSTZ,,T-Rex 2X Inverse MSTR Daily Target ETF,BATS,present,2024-12-16,20,1,1:20,2024-12-13,0.8433,-7.33,0.25,-17.727,-11.492,-0.213,True,10.636,29.471,48.544,32.858,66.904
forward,stock,PANW,,"Palo Alto Networks, Inc. Common Stock",NASDAQ,present,2024-12-16,1,2,2:1,2024-12-13,393.12,-1.772,-1.33,0.862,-3.149,3.022,True,-0.622,-6.785,-6.489,-7.052,-10.143
forward,stock,PATK,,"Patrick Industries, Inc. Common Stock",NASDAQ,present,2024-12-16,2,3,3:2,2024-12-13,134.59,-1.029,-0.495,-0.935,-2.187,-1.646,True,-0.283,-4.952,-5.36,-5.949,-5.858
reverse,stock,XXII,,"22nd Century Group, Inc. Common Stock",NASDAQ,present,2024-12-17,135,1,1:135,2024-12-16,0.0415,-15.479,-43.537,-43.46,-50.595,-21.999,True,22.426,8.238,13.272,17.364,28.146
reverse,stock,MTC,,"MMTec, Inc. Common Shares",NASDAQ,present,2024-12-18,8,1,1:8,2024-12-17,0.2199,3.239,-3.085,-8.793,-15.812,-14.166,True,1.325,-13.245,-13.907,4.636,19.205
forward,stock,TSCO,,Tractor Supply Company Common Stock,NASDAQ,present,2024-12-20,1,5,5:1,2024-12-19,264.03,-0.437,-4.062,-4.517,-7.446,2.11,True,-0.427,1.057,2.912,-2.467,-0.093
reverse,stock,CLEU,,,,missing (delisted since),2024-12-24,15,1,1:15,2024-12-23,0.162,-2.527,-13.692,-17.22,-14.692,10.918,True,15.423,35.421,74.749,30.783,44.325
reverse,stock,GOEV,,,,missing (delisted since),2024-12-24,20,1,1:20,2024-12-23,0.079,-7.71,-16.225,-37.302,-28.312,-6.962,True,5.442,4.762,-6.803,-9.524,-21.769
forward,stock,CRVL,,CorVel Corp. Common Stock,NASDAQ,present,2024-12-26,1,3,3:1,2024-12-24,347.45,2.747,0.5,3.949,-0.811,-0.74,True,-1.061,-2.349,-3.219,-3.688,-6.298
reverse,etf,HYBI,,NEOS ETF Trust NEOS Enhanced Income Credit Select ETF,NASDAQ,present,2024-12-27,5,1,1:5,2024-12-26,10.26,0.166,-0.533,-0.533,-0.113,-0.107,True,-0.039,-0.107,0.141,0.42,-0.088
reverse,stock,SYTA,,,,missing (delisted since),2024-12-27,10,1,1:10,2024-12-26,0.52,0.425,-30.537,-24.088,-30.108,29.808,True,-12.296,-9.926,-11.852,1.926,-4.0
reverse,stock,JNVR,,,,missing (delisted since),2024-12-30,8,1,1:8,2024-12-27,0.6298,8.586,5.195,5.3,-0.032,2.413,True,-5.911,13.566,15.702,8.692,2.519
reverse,stock,CARA,,,,missing (delisted since),2024-12-31,12,1,1:12,2024-12-30,0.355,-6.085,-21.094,-23.425,-15.996,43.662,True,-12.418,-14.706,-15.523,-22.386,-24.837
reverse,stock,COEP,,Coeptis Therapeutics Holdings Inc. Common Stock,NASDAQ,present,2024-12-31,20,1,1:20,2024-12-30,0.155,-14.929,-26.54,9.155,9.541,77.419,False,,,,,
reverse,stock,OPTN,,,,missing (delisted since),2024-12-31,15,1,1:15,2024-12-30,0.4131,5.302,-1.125,8.482,-1.666,7.803,True,0.299,-2.695,-8.383,-15.269,-9.731
reverse,stock,OST,,"Ostin Technology Group Co., Ltd. Class A Ordinary Shares",NASDAQ,present,2024-12-31,10,1,1:10,2024-12-30,0.2274,9.749,13.7,39.509,27.825,17.854,True,-13.806,-7.836,-12.313,-9.328,-9.701
reverse,stock,ATCH,,"AtlasClear Holdings, Inc.",AMEX,present,2025-01-02,60,1,1:60,2024-12-31,0.16,-1.901,-13.043,-11.111,-2.379,4.688,True,-18.905,6.965,-3.383,-21.592,-35.323
reverse,stock,CISS,,C3is Inc. Common Stock,NASDAQ,present,2025-01-02,2.5,1,1:2.5,2024-12-31,0.5708,0.352,-21.808,-19.753,-1.941,12.123,True,-8.75,-5.625,-9.375,-22.5,-23.125
forward,stock,CVLG,,"Covenant Logistics Group, Inc.",NYSE,present,2025-01-02,1,2,2:1,2024-12-31,54.51,0.572,-0.22,-1.535,1.282,-1.339,True,4.797,1.302,-0.223,-2.269,2.678
reverse,stock,ELBM,,Electra Battery Materials Corporation Common Stock,NASDAQ,present,2025-01-02,4,1,1:4,2024-12-31,0.4636,-16.649,-3.397,10.434,26.597,5.695,True,-10.204,-9.592,-11.735,-13.776,-22.959
reverse,etf,KLIP,,KraneShares KWEB Covered Call Strategy ETF,ARCA,present,2025-01-02,3,1,1:3,2024-12-31,10.8,0.0,-3.226,-4.17,-3.571,-0.679,True,0.653,-0.559,-1.429,-3.978,1.088
forward,stock,MTH,,Meritage Homes Corporation,NYSE,present,2025-01-03,1,2,2:1,2025-01-02,152.01,-1.177,-0.926,-1.356,-2.62,-0.375,True,-0.753,-1.624,0.674,-0.092,6.405
reverse,stock,CMCT,,Creative Media & Community Trust Corporation Common stock,NASDAQ,present,2025-01-06,10,1,1:10,2025-01-03,0.1741,-16.738,-22.622,7.869,-2.356,-3.504,True,-11.31,-35.714,-42.857,-41.071,-52.857
reverse,stock,IDAI,,T Stamp Inc. Class A Common Stock,NASDAQ,present,2025-01-06,15,1,1:15,2025-01-03,0.57,-16.545,-35.462,-52.5,5.556,-3.392,True,-13.196,-28.814,-37.651,-47.7,-39.104
forward,stock,ODC,,Oil-Dri Corporation of America,NYSE,present,2025-01-06,1,2,2:1,2025-01-03,87.55,2.206,-0.103,0.332,-1.196,-5.151,True,0.289,1.806,-0.747,0.674,2.842
reverse,stock,RGF,,,,missing (delisted since),2025-01-06,12,1,1:12,2025-01-03,0.299,-4.868,-22.054,-6.825,22.041,-65.162,False,,,,,
forward,stock,TCBP,,,,missing (delisted since),2025-01-07,4,5,5:4,2025-01-06,0.5034,-3.6,-16.931,-21.953,-29.099,3.298,True,-2.644,-3.726,8.894,-3.534,-15.865
reverse,stock,JXG,,JX Luxventure Group Inc. Common Stock,NASDAQ,present,2025-01-08,4,1,1:4,2025-01-07,1.18,8.257,11.321,13.823,35.632,-19.492,True,-10.921,-10.526,-2.105,-27.632,-24.737
reverse,stock,XTIA,,"XTI Aerospace, Inc. Common Stock",NASDAQ,present,2025-01-10,250,1,1:250,2025-01-08,0.0505,-55.741,-42.614,21.981,17.442,-42.099,False,,,,,
forward,stock,OBT,,"Orange County Bancorp, Inc. Common Stock",NASDAQ,present,2025-01-13,1,2,2:1,2025-01-10,51.53,-1.885,-3.79,-4.926,-4.539,0.873,True,0.231,-0.077,2.847,2.809,1.885
reverse,stock,THCH,,TH International Limited Ordinary shares,NASDAQ,present,2025-01-13,5,1,1:5,2025-01-10,0.6674,-3.135,-6.0,-3.999,-7.177,-6.503,True,-4.808,-5.128,-4.487,-4.167,2.385
reverse,etf,TSDD,,GraniteShares ETF Trust GraniteShares 2x Short TSLA Daily ETF,NASDAQ,present,2025-01-13,20,1,1:20,2025-01-10,1.7,0.592,0.0,8.28,-9.574,-4.382,True,3.507,-13.011,-7.106,-11.873,0.062
reverse,stock,EVAX,,Evaxion A/S American Depositary Share,NASDAQ,present,2025-01-14,5,1,1:5,2025-01-13,0.85,-5.556,-4.494,-7.104,-6.593,-11.08,True,-12.942,-11.09,-18.235,-37.022,-10.296
reverse,stock,SMX,,SMX (Security Matters) Public Limited Company Ordinary Shares,NASDAQ,present,2025-01-15,28.5,1,1:28.5,2025-01-14,0.1972,-24.154,-50.847,-34.31,-57.399,-1.961,True,5.082,-2.722,-17.786,-25.045,-18.512
reverse,stock,SVMH,,,,missing (delisted since),2025-01-15,50,1,1:50,2025-01-14,0.03,-14.53,-51.456,-49.749,-35.205,-38.913,True,-25.21,-6.69,-20.299,,
reverse,etf,UVIX,,2x Long VIX Futures ETF,BATS,present,2025-01-15,10,1,1:10,2025-01-14,3.6,-4.255,-7.692,4.651,15.385,-15.917,True,-0.562,0.429,-7.83,-8.622,-6.112
reverse,stock,ALVR,,,,missing (delisted since),2025-01-16,23,1,1:23,2025-01-15,0.3811,-4.725,-7.049,-13.209,-20.021,2.678,True,3.111,4.222,2.222,12.333,4.667
reverse,stock,MBIO,,"Mustang Bio, Inc. Common Stock",NASDAQ,present,2025-01-16,50,1,1:50,2025-01-15,0.1256,-12.656,-43.904,-51.052,-42.909,-6.369,True,-5.612,-26.361,-29.082,-18.537,-26.531
forward,stock,RLI,,RLI Corp.,NYSE,present,2025-01-16,1,2,2:1,2025-01-15,154.2,0.758,2.602,3.268,-1.35,0.947,True,-0.257,0.18,0.308,-6.874,-5.756
reverse,stock,OUT,,OUTFRONT Media Inc.,NYSE,present,2025-01-17,1.024549,1,1:1.024549,2025-01-16,17.65,1.32,2.616,4.068,0.742,4.572,True,-0.899,-0.529,-1.851,-2.115,-3.49
reverse,stock,BQ,,Boqii Holding Limited,AMEX,present,2025-01-21,10,1,1:10,2025-01-17,0.3049,1.262,3.356,0.0,-10.244,-9.151,True,7.22,8.285,9.747,25.271,39.711
reverse,stock,YI,,"111, Inc. American Depositary Shares",NASDAQ,present,2025-01-24,10,1,1:10,2025-01-23,0.4675,5.769,8.444,9.871,3.889,12.941,True,0.947,4.735,5.114,10.227,32.197
reverse,stock,BNGO,,"Bionano Genomics, Inc. Common Stock",NASDAQ,present,2025-01-27,60,1,1:60,2025-01-24,0.1215,-8.163,-34.501,-32.537,-40.876,-20.165,True,-12.887,-11.684,-1.203,-8.935,-10.309
reverse,stock,CDT,,CDT Equity Inc. Common Stock,NASDAQ,present,2025-01-27,100,1,1:100,2025-01-24,0.0452,-9.6,-27.68,-33.037,-38.753,-26.991,True,-6.97,-16.364,-22.727,-33.333,-44.848
reverse,stock,GITS,,"Global Interactive Technologies, Inc. Common Stock",NASDAQ,present,2025-01-27,20,1,1:20,2025-01-24,0.0973,-25.154,-42.933,-45.642,-49.585,56.732,True,-21.311,-12.131,-13.613,-32.131,-21.967
reverse,stock,HAO,,Haoxi Health Technology Limited Class A Ordinary Shares,NASDAQ,present,2025-01-27,25,1,1:25,2025-01-24,0.1033,-1.054,-23.254,-26.109,-25.145,-2.807,True,47.41,0.797,-0.398,-7.968,-22.709
reverse,stock,IVP,,,,missing (delisted since),2025-01-27,25,1,1:25,2025-01-24,0.1178,-6.135,-23.207,-22.5,-25.111,5.263,True,-0.645,-6.452,-13.226,-23.548,-32.903
reverse,stock,INKT,,"MiNK Therapeutics, Inc. Common Stock",NASDAQ,present,2025-01-28,10,1,1:10,2025-01-27,0.8839,-5.425,-9.353,-12.485,0.443,-37.663,True,19.782,25.045,66.243,118.33,84.755
reverse,stock,REVB,,"Revelation Biosciences, Inc. Common Stock",NASDAQ,present,2025-01-28,16,1,1:16,2025-01-27,0.2384,-2.932,-26.078,-31.553,-40.415,11.158,True,-12.264,-9.906,-11.085,5.189,-8.726
reverse,stock,WHLR,,"Wheeler Real Estate Investment Trust, Inc. Common Stock",NASDAQ,present,2025-01-28,4,1,1:4,2025-01-27,1.96,-1.508,0.0,-13.274,-20.648,-19.26,True,5.845,13.27,-0.711,-6.319,-31.28
reverse,stock,BCTX,,BriaCell Therapeutics Corp. Common Shares,NASDAQ,present,2025-01-29,15,1,1:15,2025-01-28,0.369,-4.577,-7.029,-9.136,-6.345,6.594,True,-5.593,-14.915,-14.576,-24.068,-35.932
reverse,stock,ENVB,,"Enveric Biosciences, Inc. Common Stock",NASDAQ,present,2025-01-29,15,1,1:15,2025-01-28,0.2769,-9.302,-11.675,-16.847,-17.956,3.527,True,-9.302,-51.395,-57.907,-59.767,-63.256
reverse,stock,ACON,,"Aclarion, Inc. Common Stock",NASDAQ,present,2025-01-30,335,1,1:335,2025-01-29,0.0275,-13.249,-28.01,-49.909,-33.735,-8.82,True,-15.476,-20.833,-18.81,-25.357,-43.69
reverse,stock,BLRX,,BioLineRx Ltd. American Depositary Shares,NASDAQ,present,2025-01-30,40,1,1:40,2025-01-29,0.1054,-3.568,0.381,-3.568,-5.386,-15.323,True,-0.28,-5.042,-2.521,-2.241,-1.681
reverse,stock,FCUV,,Focus Universal Inc. Common Stock,NASDAQ,present,2025-01-31,10,1,1:10,2025-01-30,0.3748,-19.328,-34.931,-35.491,-38.019,62.487,True,-21.511,-23.481,-18.227,-16.42,-19.704
reverse,stock,ZKIN,,"ZK International Group Co., Ltd Ordinary Share",NASDAQ,present,2025-01-31,7,1,1:7,2025-01-30,0.389,-19.876,-52.486,-42.794,-34.764,16.783,True,-6.918,-16.038,-20.44,-16.981,-37.736
reverse,stock,EYEN,,,,missing (delisted since),2025-02-03,80,1,1:80,2025-01-31,0.0346,-0.86,-6.989,-39.298,-39.405,-3.179,True,1.866,-11.194,-23.881,-30.597,-33.955
reverse,etf,LDDR,,LifeX 2035 Income Bucket ETF,BATS,present,2025-02-03,11,1,1:11,2025-01-31,8.2861,-0.047,-0.047,-0.047,0.498,0.048,True,0.138,0.493,-3.931,-4.198,-4.385
reverse,stock,GCTK,,"GlucoTrack, Inc. Common Stock",NASDAQ,present,2025-02-04,20,1,1:20,2025-02-03,0.057,-10.938,-19.718,-39.037,-37.637,-28.947,True,-12.469,-17.259,-20.63,-34.049,-48.148
reverse,stock,TNXP,,Tonix Pharmaceuticals Holding Corp. Common Stock,NASDAQ,present,2025-02-05,100,1,1:100,2025-02-04,0.1521,-21.96,-64.471,-59.44,-66.942,-1.512,True,-24.967,-17.29,-20.294,-23.231,-35.447
forward,etf,EVX,,VanEck Environmental Services ETF,ARCA,present,2025-02-06,1,5,5:1,2025-02-05,177.67,0.587,0.545,0.13,1.12,0.777,True,-0.363,-0.075,0.4,-0.202,-0.488
forward,stock,FTLF,,"FitLife Brands, Inc. Common Stock",NASDAQ,present,2025-02-07,1,2,2:1,2025-02-06,30.84,0.62,-3.11,-1.407,1.082,2.659,True,-5.18,-3.601,-0.821,-4.296,-6.191
reverse,stock,BTAI,,"BioXcel Therapeutics, Inc. Common Stock",NASDAQ,present,2025-02-10,16,1,1:16,2025-02-07,0.165,-11.576,-44.798,-42.105,-49.387,12.879,True,-14.43,-5.705,-20.134,-23.826,-39.597
reverse,etf,KORU,,Direxion Daily MSCI South Korea Bull 3X ETF,ARCA,present,2025-02-10,10,1,1:10,2025-02-07,4.01,-5.869,-5.201,-1.474,0.0,5.686,True,0.0,-0.047,6.442,12.553,12.718
reverse,etf,NCV,,Virtus Convertible & Income Fund,NYSE,present,2025-02-10,4,1,1:4,2025-02-07,3.55,-1.934,-1.934,-2.473,-2.204,-0.07,True,-1.268,-1.973,-1.128,0.0,-3.805
reverse,etf,NCZ,,Virtus Convertible & Income Fund II,NYSE,present,2025-02-10,4,1,1:4,2025-02-07,3.27,-1.059,-0.608,-0.305,0.0,-0.306,True,-2.224,-3.067,-0.69,-0.92,-4.845
reverse,stock,RIME,,"Algorhythm Holdings, Inc. Common Stock",NASDAQ,present,2025-02-10,200,1,1:200,2025-02-07,0.017,-20.188,-18.66,-30.328,-33.594,-12.353,True,-3.691,-0.336,-6.711,-16.779,-21.141
reverse,stock,TCBP,,,,missing (delisted since),2025-02-10,20,1,1:20,2025-02-07,0.2015,-13.408,-19.881,-44.028,-45.687,-5.707,True,-15.263,-10.0,-35.263,-32.895,-41.316
reverse,stock,GSAT,,"Globalstar, Inc. Common Stock",NASDAQ,present,2025-02-11,15,1,1:15,2025-02-10,1.56,3.311,-2.5,-1.266,4.0,3.974,True,-13.44,-9.166,-6.864,-5.425,-10.645
reverse,stock,NIVF,,NewGenIvf Group Limited Class A Ordinary Shares,NASDAQ,present,2025-02-11,20,1,1:20,2025-02-10,0.12,-10.448,-22.631,-1.8,-10.781,-15.833,True,5.446,-3.465,-3.465,12.376,15.842
reverse,stock,HYFM,,"Hydrofarm Holdings Group, Inc. Common Stock",NASDAQ,present,2025-02-13,10,1,1:10,2025-02-12,0.54,-5.296,-8.475,-13.434,-16.602,18.519,True,-3.281,2.187,-0.313,-9.531,-22.656
reverse,stock,TANH,,Tantech Holdings Ltd. Class A Common Shares,NASDAQ,present,2025-02-13,40,1,1:40,2025-02-12,0.0839,-11.591,-34.248,-38.035,-36.775,14.124,True,-9.138,-8.355,-19.582,-17.232,-24.034
forward,etf,HODL,,VanEck Bitcoin ETF,BATS,present,2025-02-14,1,4,4:1,2025-02-13,108.95,-0.765,1.142,-1.143,-0.702,1.147,True,-3.303,-1.198,1.234,-3.448,-11.652
reverse,stock,BOXL,,Boxlight Corporation Class A Common Stock,NASDAQ,present,2025-02-18,5,1,1:5,2025-02-14,0.4479,-11.395,-19.442,-25.35,-21.421,-0.424,True,-10.314,-8.072,39.013,-14.798,-26.009
reverse,stock,CYN,,Cyngn Inc. Common Stock,NASDAQ,present,2025-02-18,150,1,1:150,2025-02-14,0.0924,-12.0,-38.4,-43.313,53.488,-35.931,True,-15.203,-20.383,-12.613,-31.982,-24.662
reverse,stock,FEAM,,"5E Advanced Materials, Inc. Common Stock",NASDAQ,present,2025-02-18,23,1,1:23,2025-02-14,0.27,-9.94,-0.369,-14.422,-21.03,-19.163,True,-11.554,-14.343,-10.689,-4.382,-19.323
reverse,stock,MEGL,,Magic Empire Global Limited Class A Ordinary Shares,NASDAQ,present,2025-02-18,4,1,1:4,2025-02-14,0.4761,-4.97,-4.78,-5.216,-10.187,-1.806,True,-2.674,-5.877,-6.417,-13.904,-21.925
reverse,stock,MULN,,,,missing (delisted since),2025-02-18,60,1,1:60,2025-02-14,0.197,-12.249,-35.197,-23.495,-8.796,-16.244,True,-27.778,-48.081,-59.495,-76.162,-78.283
reverse,stock,OTLY,,Oatly Group AB American Depositary Shares,NASDAQ,present,2025-02-18,20,1,1:20,2025-02-14,0.495,-6.621,28.571,-15.341,-11.544,-12.323,True,-0.346,-0.576,-8.41,-21.198,1.498
reverse,etf,CNBS,,Amplify Seymour Cannabis ETF,ARCA,present,2025-02-21,12,1,1:12,2025-02-20,1.7689,2.001,1.661,-2.808,-1.179,-0.362,True,-3.972,-5.721,-5.161,-7.101,-12.267
reverse,stock,CNSP,,"CNS Pharmaceuticals, Inc. Common Stock",NASDAQ,present,2025-02-21,50,1,1:50,2025-02-20,0.075,-10.501,-47.368,-46.429,-27.746,-13.867,True,-10.836,-26.625,-24.768,-24.768,-17.957
reverse,etf,MJ,,Amplify Alternative Harvest ETF,ARCA,present,2025-02-21,12,1,1:12,2025-02-20,2.1,1.449,0.962,-3.226,-2.326,-0.397,True,-4.781,-8.287,-8.088,-10.398,-15.299
reverse,etf,QQQH,,NEOS ETF Trust NEOS Nasdaq-100 Hedged Equity Income ETF,NASDAQ,present,2025-02-21,2,1,1:2,2025-02-20,26.78,-0.298,-0.112,-0.112,1.018,-0.934,True,-0.508,-1.714,-2.223,-3.09,-4.73
reverse,stock,SVRE,,SaverOne 2014 Ltd. American Depositary Shares,NASDAQ,present,2025-02-21,13.333333333,1,1:13.333333333,2025-02-20,0.3199,-14.625,-25.605,-32.225,-22.165,-3.642,True,0.487,0.243,6.326,20.195,23.844
reverse,stock,GRI,,"GRI Bio, Inc. Common Stock",NASDAQ,present,2025-02-24,17,1,1:17,2025-02-21,0.415,-4.642,-21.713,-25.198,-23.148,-0.921,True,4.435,17.31,14.306,9.299,-7.153
reverse,stock,HWH,,HWH International Inc. Common Stock,NASDAQ,present,2025-02-24,5,1,1:5,2025-02-21,0.2856,-0.626,-7.901,-12.927,-15.328,21.148,True,-5.202,7.514,1.156,-9.827,-0.578
reverse,stock,SOAR,,"Volato Group, Inc.",AMEX,present,2025-02-24,25,1,1:25,2025-02-21,0.15,-25.0,11.94,25.0,-14.579,-31.493,True,-17.478,-1.518,-12.807,-16.699,-35.383
reverse,stock,SXTP,,"60 Degrees Pharmaceuticals, Inc. Common Stock",NASDAQ,present,2025-02-24,5,1,1:5,2025-02-21,0.45,-4.742,-15.142,-13.859,-28.126,-5.778,True,-9.434,-5.189,-11.321,-19.811,-31.132
reverse,stock,LODE,,Comstock Inc.,AMEX,present,2025-02-25,10,1,1:10,2025-02-24,0.2888,0.873,0.592,-4.149,-17.838,5.609,True,-11.475,-21.311,-21.311,-20.984,-20.656
reverse,stock,SXTC,,"China SXT Pharmaceuticals, Inc. Class A Ordinary Shares",NASDAQ,present,2025-02-25,8,1,1:8,2025-02-24,0.84,145.542,124.179,123.345,119.895,-25.446,True,-8.383,-10.18,-9.98,-6.387,-40.319
reverse,stock,AEON,,"AEON Biopharma, Inc.",AMEX,present,2025-02-26,72,1,1:72,2025-02-25,0.0675,0.0,-43.89,-37.092,-38.073,-70.782,False,,,,,
reverse,stock,APTO,,,,missing (delisted since),2025-02-26,30,1,1:30,2025-02-25,0.1104,-23.227,-31.894,-41.895,-42.975,9.903,True,-10.714,-12.363,-21.703,-18.132,-4.396
reverse,stock,KPTI,,Karyopharm Therapeutics Inc. Common Stock,NASDAQ,present,2025-02-26,15,1,1:15,2025-02-25,0.5709,-4.099,-4.596,-6.41,-9.381,14.79,True,-15.056,-19.125,-26.246,-37.742,-23.398
forward,stock,IX,,ORIX Corporation American Depositary Shares (each representing One (1) Share of Common Stock),NYSE,present,2025-02-27,1,5,5:1,2025-02-26,103.04,1.367,3.267,3.143,1.597,396.458,False,,,,,
reverse,stock,CLEU,,,,missing (delisted since),2025-03-03,80,1,1:80,2025-02-28,0.045,-21.329,-39.435,-41.558,-50.604,-22.778,True,29.137,0.719,0.719,-25.18,-33.094
reverse,stock,EDBL,,Edible Garden AG Incorporated Common Stock,NASDAQ,present,2025-03-03,25,1,1:25,2025-02-28,0.159,-6.471,-22.059,-19.859,-27.064,-29.811,True,-17.563,-13.62,-20.072,-31.183,-6.452
reverse,stock,LICN,,Lichen International Limited Class A Ordinary Shares,NASDAQ,present,2025-03-03,200,1,1:200,2025-02-28,0.0383,-18.856,-44.653,-45.286,-50.897,-24.282,True,3.448,-6.207,-4.655,-19.483,-30.69
reverse,stock,STBX,,,,missing (delisted since),2025-03-03,10,1,1:10,2025-02-28,0.1408,-20.045,-31.317,-31.317,-32.243,-36.79,True,-44.753,-60.888,-58.989,-64.831,-77.18
reverse,stock,VERO,,,,missing (delisted since),2025-03-04,11,1,1:11,2025-03-03,0.28,-8.317,-4.339,-12.5,-8.497,2.273,True,4.444,-6.032,-3.673,-12.698,-9.524
reverse,stock,RETO,,"ReTo Eco-Solutions, Inc. Class A Shares",NASDAQ,present,2025-03-07,10,1,1:10,2025-03-06,0.75,-0.464,-15.254,-1.961,11.94,-27.867,True,-28.096,-25.139,-23.475,-20.148,-6.285
reverse,stock,TIVC,,,,missing (delisted since),2025-03-07,17,1,1:17,2025-03-06,0.2558,-12.666,-24.743,-21.317,-36.652,-14.455,True,-13.71,-13.172,-8.333,-11.559,-4.57
reverse,stock,ABTS,,Abits Group Inc Ordinary Shares,NASDAQ,present,2025-03-10,15,1,1:15,2025-03-07,0.2515,-21.431,-38.823,-28.45,-39.543,-1.079,True,-10.767,-6.211,-11.303,-11.303,-7.283
reverse,stock,ELAB,,PMGC Holdings Inc. Common Stock,NASDAQ,present,2025-03-10,7,1,1:7,2025-03-07,0.72,-0.429,-41.463,-40.0,-42.169,2.383,True,-8.723,-20.35,-24.032,-17.928,-5.234
reverse,stock,MNDR,,Mobile-health Network Solutions Class A Ordinary Shares,NASDAQ,present,2025-03-10,8,1,1:8,2025-03-07,0.3601,-12.063,-19.656,-10.888,-16.197,-24.674,True,-3.226,0.922,-6.912,-0.461,5.991
reverse,stock,OMH,,Ohmyhome Limited Class A Ordinary Shares,NASDAQ,present,2025-03-10,10,1,1:10,2025-03-07,0.2554,2.16,-22.63,-22.371,-24.371,-2.31,True,-9.82,-8.617,-6.433,-9.856,0.2
reverse,stock,BLNE,,"Beeline Holdings, Inc. Common Stock",NASDAQ,present,2025-03-12,10,1,1:10,2025-03-11,0.6611,-1.475,-11.853,-15.741,-5.692,-7.654,True,-13.841,-39.066,-49.877,-60.197,-65.93
reverse,stock,IPDN,,"Professional Diversity Network, Inc. Common Stock",NASDAQ,present,2025-03-13,10,1,1:10,2025-03-12,0.2103,1.84,-4.409,-10.511,-10.965,12.221,True,-2.966,18.22,3.814,6.356,8.051
reverse,stock,KUKE,,,,missing (delisted since),2025-03-13,10,1,1:10,2025-03-12,0.2392,4.0,-10.143,18.357,10.129,-16.388,True,5.0,3.0,-3.0,25.0,51.75
reverse,stock,APDN,,,,missing (delisted since),2025-03-14,50,1,1:50,2025-03-13,0.0531,-16.378,-63.878,-61.771,-59.028,-14.878,True,-19.027,-23.009,-11.504,-20.796,-22.124
reverse,stock,NAOV,,,,missing (delisted since),2025-03-14,11,1,1:11,2025-03-13,0.2399,-2.321,-33.729,-31.594,-31.574,-16.408,True,55.492,39.172,47.785,99.012,70.905
reverse,stock,BHAT,,,,missing (delisted since),2025-03-17,100,1,1:100,2025-03-14,0.027,-13.738,-30.769,-33.333,-27.419,-6.296,True,34.783,18.775,6.719,-9.486,-28.063
reverse,stock,FAMI,,"Farmmi, Inc. Class A Ordinary Shares",NASDAQ,present,2025-03-17,12,1,1:12,2025-03-14,0.1569,-4.154,-21.628,-25.107,-33.517,3.569,True,3.333,-1.282,2.559,-0.513,-14.872
reverse,stock,NWTG,,"Newton Golf Company, Inc. Common Stock",NASDAQ,present,2025-03-17,30,1,1:30,2025-03-14,0.1,-28.571,-7.407,-6.542,-43.375,-34.0,True,14.141,13.131,1.515,-12.626,5.556
reverse,stock,SAIH,,SAIHEAT Limited Class A Ordinary Shares,NASDAQ,present,2025-03-17,15,1,1:15,2025-03-14,0.3886,-13.664,-18.344,-19.059,-19.21,1.391,True,-4.401,-2.032,-0.848,25.209,-27.074
reverse,stock,WKHS,,"Workhorse Group, Inc. Common Stock",NASDAQ,present,2025-03-17,12.5,1,1:12.5,2025-03-14,0.2082,0.872,-22.313,-42.928,-40.138,-21.998,True,4.433,1.478,8.374,7.882,-9.36
reverse,stock,WLDS,,Wearable Devices Ltd. Ordinary Share,NASDAQ,present,2025-03-17,4,1,1:4,2025-03-14,0.451,-7.997,-26.904,-26.066,-33.676,33.592,True,0.415,-12.863,-21.992,-16.183,-22.407
reverse,stock,WLDSW,,Wearable Devices Ltd. Warrant,NASDAQ,present,2025-03-17,4,1,1:4,2025-03-14,0.3734,0.0,-20.401,-17.225,-18.826,321.8,False,,,,,
reverse,stock,NAYA,,,,missing (delisted since),2025-03-18,12,1,1:12,2025-03-17,0.1995,-6.206,-37.87,-36.465,-33.721,2.757,True,-6.098,-4.878,11.382,-7.317,-19.106
reverse,stock,ULY,,,,missing (delisted since),2025-03-18,12,1,1:12,2025-03-17,0.299,2.714,-1.645,-41.327,-42.939,0.892,True,1.934,33.425,40.055,8.011,38.674
reverse,stock,WKSP,,"Worksport, Ltd. Common Stock",NASDAQ,present,2025-03-18,10,1,1:10,2025-03-17,0.3477,-4.896,-38.01,-45.425,-37.148,8.139,True,-2.394,-9.84,-3.191,0.266,-12.5
reverse,stock,OM,,"Outset Medical, Inc. Common Stock",NASDAQ,present,2025-03-20,15,1,1:15,2025-03-19,0.5518,0.327,-4.549,-0.217,-4.648,36.281,True,-10.904,-7.004,3.457,7.358,-1.862
reverse,stock,ONVO,,,,missing (delisted since),2025-03-21,12,1,1:12,2025-03-20,0.3062,12.491,-24.189,-28.055,-23.869,-14.544,True,-4.777,-9.554,-12.739,-23.248,-32.484
reverse,stock,ANGI,,Angi Inc. Class A Common Stock,NASDAQ,present,2025-03-24,10,1,1:10,2025-03-21,1.56,-2.5,-0.637,0.645,-0.637,6.731,True,-2.342,-1.321,2.402,-7.447,-26.967
reverse,stock,JAGX,,"Jaguar Health, Inc. Common Stock",NASDAQ,present,2025-03-24,25,1,1:25,2025-03-21,0.231,-7.229,-9.055,-5.714,-48.09,4.589,True,-10.43,-15.066,-10.927,-21.192,-20.695
reverse,stock,SHFS,,"SHF Holdings, Inc. Class A Common Stock",NASDAQ,present,2025-03-24,20,1,1:20,2025-03-21,0.3061,16.521,10.866,7.253,7.14,-11.63,True,-5.915,-12.939,-20.518,-20.702,-58.965
forward,stock,SNEX,,StoneX Group Inc. Common Stock,NASDAQ,present,2025-03-24,2,3,3:2,2025-03-21,117.33,-0.568,-2.086,3.365,5.798,1.189,True,3.108,0.72,-0.695,-3.5,-11.295
reverse,stock,UPC,,Universe Pharmaceuticals Inc. Class A Ordinary Shares,NASDAQ,present,2025-03-24,40,1,1:40,2025-03-21,0.0881,-1.011,-10.102,-8.133,-14.466,24.574,True,2.506,10.478,22.096,-6.606,-29.613
reverse,stock,XELB,,"Xcel Brands, Inc. Common Stock",NASDAQ,present,2025-03-25,10,1,1:10,2025-03-24,0.3847,20.219,31.701,40.967,42.429,13.075,True,-13.793,-15.632,-30.345,-29.885,-42.989
reverse,stock,GRFX,,,,missing (delisted since),2025-03-26,5,1,1:5,2025-03-25,0.28,-9.061,-0.99,-11.111,23.402,-7.143,True,-8.462,-17.692,-8.462,-15.385,-23.846
reverse,stock,LGHL,,Lion Group Holding Ltd. American Depositary Share,NASDAQ,present,2025-03-26,50,1,1:50,2025-03-25,0.074,2.778,-25.703,-27.094,-29.524,12.432,True,-6.01,-15.865,-21.635,-15.865,-20.433
reverse,stock,WHLR,,"Wheeler Real Estate Investment Trust, Inc. Common Stock",NASDAQ,present,2025-03-27,5,1,1:5,2025-03-26,0.79,-6.376,-16.842,-28.829,-38.281,-3.797,True,-13.158,-16.842,-12.5,-9.211,-42.368
reverse,stock,ACON,,"Aclarion, Inc. Common Stock",NASDAQ,present,2025-03-28,27,1,1:27,2025-03-27,0.522,-9.217,-30.12,-32.208,-34.75,-14.006,True,-10.891,-6.683,4.043,-10.726,-31.271
reverse,stock,SBEV,,,,missing (delisted since),2025-03-28,40,1,1:40,2025-03-27,0.07,0.0,0.0,0.0,0.0,-44.821,False,,,,,
reverse,stock,AUUD,,Auddia Inc. Common Stock,NASDAQ,present,2025-03-31,17,1,1:17,2025-03-28,0.2175,-10.714,-34.822,-35.036,-35.326,7.099,True,-2.273,9.091,1.263,-2.273,9.848
reverse,stock,HUBC,,Hub Cyber Security Ltd. Ordinary Shares,NASDAQ,present,2025-03-31,10,1,1:10,2025-03-28,0.3773,-7.547,-24.222,-29.384,-27.996,-23.933,True,4.965,26.132,12.892,1.045,6.272
reverse,stock,NXU,,,,missing (delisted since),2025-03-31,20,1,1:20,2025-03-28,0.152,-9.953,-42.62,-41.94,-45.52,-12.171,True,29.588,1.873,-12.36,-16.105,
forward,stock,SEZL,,Sezzle Inc. Common Stock,NASDAQ,present,2025-03-31,1,6,6:1,2025-03-28,210.99,-6.43,-10.915,-15.769,-10.571,-0.782,True,4.156,6.592,-7.309,-12.41,13.012
reverse,stock,VMAR,,Vision Marine Technologies Inc. Common Shares,NASDAQ,present,2025-03-31,10,1,1:10,2025-03-28,0.48,-15.493,-22.456,-21.311,-24.883,9.073,True,-16.079,-3.161,10.591,-8.318,32.748
reverse,stock,WTO,,,,missing (delisted since),2025-03-31,10,1,1:10,2025-03-28,0.1506,-8.727,-7.037,-27.246,-36.429,4.914,True,-10.127,-10.12,-17.722,-22.468,13.291
forward,etf,EQL,,ALPS Equal Sector Weight ETF,ARCA,present,2025-04-01,1,3,3:1,2025-03-31,125.97,0.787,-0.553,-0.717,-1.447,0.211,True,0.778,-3.348,-8.98,-11.214,-5.083
reverse,stock,ICON,,Icon Energy Corp. Common stock,NASDAQ,present,2025-04-01,40,1,1:40,2025-03-31,0.0478,-8.077,-52.2,-51.175,-52.438,-6.381,True,21.229,6.145,8.939,16.201,12.849
reverse,stock,WNW,,Meiwu Technology Company Limited Ordinary Shares,NASDAQ,present,2025-04-01,20,1,1:20,2025-03-31,0.094,-7.662,-38.158,-38.562,-41.469,-14.362,True,4.348,0.0,3.727,-4.348,-17.714
reverse,stock,MKTW,,"MarketWise, Inc. Class A Common Stock",NASDAQ,present,2025-04-03,20,1,1:20,2025-04-02,0.5149,1.92,4.315,3.352,2.366,-10.371,True,7.042,10.076,11.593,8.884,44.204
reverse,stock,VCIG,,VCI Global Limited Ordinary Share,NASDAQ,present,2025-04-03,20,1,1:20,2025-04-02,0.3159,-3.689,-24.66,-34.16,-43.589,-5.399,True,-26.718,-38.43,-52.651,-55.579,-49.807
reverse,stock,AEHL,,Antelope Enterprise Holdings Limited Class A Ordinary Shares,NASDAQ,present,2025-04-04,40,1,1:40,2025-04-03,0.0525,-7.895,-45.026,-45.764,-48.73,102.381,False,,,,,
reverse,stock,CISS,,C3is Inc. Common Stock,NASDAQ,present,2025-04-04,6,1,1:6,2025-04-03,0.5775,15.477,-8.667,-11.154,-17.5,11.4,True,-1.554,-0.518,10.104,-14.767,-15.798
reverse,stock,FTFT,,Future FinTech Group Inc. Common Stock,NASDAQ,present,2025-04-04,10,1,1:10,2025-04-03,0.1288,-8.0,-18.222,-22.41,-31.343,14.907,True,-17.568,-8.784,-11.486,-10.811,-9.459
reverse,stock,SOBR,,"SOBR Safe, Inc. Common Stock",NASDAQ,present,2025-04-04,10,1,1:10,2025-04-03,0.3471,-19.279,-26.149,-25.817,-32.928,42.034,True,-0.811,3.651,0.811,-7.911,-35.294
reverse,stock,BGLC,,BioNexus Gene Lab Corp Common stock,NASDAQ,present,2025-04-07,10,1,1:10,2025-04-04,0.2346,-18.4,-7.309,-9.769,-6.198,24.467,True,-9.932,-25.685,-25.685,-20.548,-4.452
reverse,stock,LGCB,,,,missing (delisted since),2025-04-07,10,1,1:10,2025-04-04,0.1636,21.006,3.676,2.122,0.553,21.638,True,-18.09,-16.578,-3.518,-6.03,-12.05
reverse,stock,NEGG,,"Newegg Commerce, Inc. Common Shares",NASDAQ,present,2025-04-07,20,1,1:20,2025-04-04,0.2427,10.268,-9.978,-7.366,-12.761,8.467,True,-23.457,-25.356,-27.73,-20.988,-29.535
reverse,stock,SPPL,,SIMPPLE LTD. Ordinary Shares,NASDAQ,present,2025-04-07,8,1,1:8,2025-04-04,0.395,-2.469,-20.17,-21.173,-21.627,-12.025,True,37.05,31.115,23.741,14.388,18.345
reverse,stock,TGL,,Treasure Global Inc. Common Stock,NASDAQ,present,2025-04-07,50,1,1:50,2025-04-04,0.057,0.0,-17.391,-18.571,-28.75,-1.754,True,-19.286,-18.929,-30.0,-24.643,-16.071
reverse,stock,VEEE,,Twin Vee PowerCats Co. Common Stock,NASDAQ,present,2025-04-08,10,1,1:10,2025-04-07,0.2351,-12.602,-26.531,-32.829,-29.484,43.769,True,21.302,-18.935,-14.793,-17.16,-28.402
reverse,etf,ETHU,,2x Ether ETF,BATS,present,2025-04-09,20,1,1:20,2025-04-08,1.12,-11.111,-37.079,-35.26,-43.86,24.531,True,-16.329,-9.805,-1.595,-7.546,12.852
reverse,stock,QNRX,,"Quoin Pharmaceuticals, Ltd. American Depositary Shares",NASDAQ,present,2025-04-09,35,1,1:35,2025-04-08,0.2008,0.15,-13.894,-22.799,-5.104,-1.964,True,-20.319,-22.061,-23.369,-12.917,-3.736
reverse,stock,TPST,,"Tempest Therapeutics, Inc. Common Stock",NASDAQ,present,2025-04-09,13,1,1:13,2025-04-08,0.5006,-1.028,-18.482,-30.327,-29.947,9.868,True,-18.042,-13.007,-2.657,1.399,12.587
reverse,stock,AMRN,,Amarin Corporation plc,NASDAQ,present,2025-04-11,20,1,1:20,2025-04-10,0.4515,-1.484,5.049,10.662,6.839,2.99,True,1.828,5.484,0.645,2.688,10.968
reverse,stock,HCWB,,HCW Biologics Inc. Common Stock,NASDAQ,present,2025-04-11,40,1,1:40,2025-04-10,0.2451,2.552,14.533,10.356,2.681,-6.365,True,-9.695,-8.987,-16.885,-15.359,-19.39
reverse,stock,MULN,,,,missing (delisted since),2025-04-11,100,1,1:100,2025-04-10,0.036,-10.0,-27.126,-40.0,-54.717,-39.444,False,,,,,
reverse,stock,HPH,,,,missing (delisted since),2025-04-14,60,1,1:60,2025-04-11,0.0682,-10.145,-17.633,-33.072,-35.233,-2.37,True,8.135,34.168,64.205,77.722,208.135
reverse,stock,PIII,,P3 Health Partners Inc. Class A Common Stock,NASDAQ,present,2025-04-14,50,1,1:50,2025-04-11,0.1516,-7.617,-14.108,-9.976,-11.345,18.602,True,8.899,9.232,2.781,-1.112,-2.67
reverse,stock,WIMI,,WiMi Hologram Cloud Inc. Class B Ordinary Shares,NASDAQ,present,2025-04-14,20,1,1:20,2025-04-11,0.3001,4.674,-0.924,-2.279,-10.15,-25.358,True,-9.375,5.357,-6.25,12.277,10.714
reverse,stock,CMCT,,Creative Media & Community Trust Corporation Common stock,NASDAQ,present,2025-04-15,25,1,1:25,2025-04-14,0.2057,-6.03,-5.685,-20.518,-20.117,1.896,True,1.145,-14.313,-20.611,-12.595,6.298
reverse,stock,CPHI,,"China Pharma Holdings, Inc.",AMEX,present,2025-04-15,10,1,1:10,2025-04-14,0.14,-0.85,2.564,0.071,7.692,5.0,True,6.122,1.81,2.293,5.442,46.259
reverse,stock,FRGE,,,,missing (delisted since),2025-04-15,15,1,1:15,2025-04-14,0.6419,3.616,12.535,5.006,2.409,22.864,True,-26.965,-26.543,3.973,6.086,22.485
reverse,stock,SCLX,,Scilex Holding Company Common Stock,NASDAQ,present,2025-04-15,35,1,1:35,2025-04-14,0.1885,-3.876,-24.57,-20.464,-24.145,4.888,True,-11.561,-13.006,-32.081,-41.329,-31.503
reverse,stock,STBX,,,,missing (delisted since),2025-04-15,14,1,1:14,2025-04-14,0.1426,9.188,-12.138,-11.318,-5.688,-9.813,True,44.96,34.407,4.971,12.191,23.854
reverse,stock,TVRD,,"Tvardi Therapeutics, Inc. Common Stock",NASDAQ,present,2025-04-16,3,1,1:3,2025-04-15,5.32,-4.142,8.571,9.353,9.691,14.34,True,-6.628,-4.267,6.803,-2.458,39.463
reverse,stock,KZIA,,Kazia Therapeutics Limited American Depositary Shares,NASDAQ,present,2025-04-17,5,1,1:5,2025-04-16,0.7079,-2.372,-10.313,-8.065,1.929,-6.766,True,-6.364,4.242,0.758,10.303,15.758
reverse,stock,BMRA,,"Biomerica, Inc. Common Stock",NASDAQ,present,2025-04-21,8,1,1:8,2025-04-17,0.4801,14.282,-15.757,-13.183,-6.468,-4.187,True,-8.967,-0.543,2.174,4.348,-4.076
reverse,stock,DDC,,DDC Enterprise Limited,AMEX,present,2025-04-21,25,1,1:25,2025-04-17,0.0845,0.0,0.0,0.0,0.0,-12.426,True,11.351,18.919,38.378,37.33,29.73
reverse,stock,HOLO,,MicroCloud Hologram Inc. Ordinary Shares,NASDAQ,present,2025-04-21,40,1,1:40,2025-04-17,0.384,-19.682,0.052,-19.497,-27.86,-20.573,True,3.852,-5.082,20.082,-6.23,-33.852
reverse,stock,SUNE,,"SUNation Energy, Inc. Common Stock",NASDAQ,present,2025-04-21,200,1,1:200,2025-04-17,0.02,2.041,-51.22,-30.314,-5.66,-30.25,True,-7.527,3.226,6.81,-7.885,-18.638
reverse,stock,YHC,,LQR House Inc. Common Stock,NASDAQ,present,2025-04-21,35,1,1:35,2025-04-17,0.124,-5.054,-35.079,-33.333,-30.219,-14.832,True,-22.625,-23.166,-27.766,-39.667,-46.974
reverse,stock,FMTO,,,,missing (delisted since),2025-04-22,500,1,1:500,2025-04-21,0.012,-36.842,-59.459,-66.759,-63.526,22.167,True,-7.913,-4.093,-3.82,-13.37,-12.005
reverse,stock,MCRB,,"Seres Therapeutics, Inc. Common Stock",NASDAQ,present,2025-04-22,20,1,1:20,2025-04-21,0.3741,1.108,-6.452,-19.026,-36.647,9.062,True,19.24,11.275,23.529,15.196,4.779
reverse,stock,KWE,,,,missing (delisted since),2025-04-23,21,1,1:21,2025-04-22,0.2171,10.709,-2.646,-0.868,-8.047,-95.238,False,,,,,
reverse,stock,DEA,,"Easterly Government Properties, Inc.",NYSE,present,2025-04-28,2.5,1,1:2.5,2025-04-25,8.18,-0.122,0.491,-0.365,0.245,2.249,True,-4.256,-3.539,-1.339,-2.869,0.048
reverse,stock,NAAS,,NaaS Technology Inc. American Depositary Shares,NASDAQ,present,2025-04-28,4,1,1:4,2025-04-25,0.456,-17.091,-9.398,-5.0,-1.872,-20.504,True,-6.897,-8.966,-6.897,-11.034,-8.276
reverse,stock,STKH,,Steakholder Foods Ltd. American Depositary Shares,NASDAQ,present,2025-04-28,5,1,1:5,2025-04-25,0.71,7.576,18.531,8.397,1.429,-9.296,True,-6.832,-6.832,-6.832,-6.211,-6.211
reverse,stock,STSS,,,,missing (delisted since),2025-04-28,300,1,1:300,2025-04-25,0.0202,-5.607,-30.822,-34.416,-36.875,-6.271,True,-11.972,-1.232,-7.746,-18.134,-17.958
reverse,stock,XFOR,,"X4 Pharmaceuticals, Inc. Common Stock",NASDAQ,present,2025-04-28,30,1,1:30,2025-04-25,0.19,1.496,-5.614,-6.404,-0.419,-6.404,True,-18.463,-19.213,-29.709,-38.144,-37.395
reverse,stock,JBIO,,"Jade Biosciences, Inc. Common Stock",NASDAQ,present,2025-04-29,35,1,1:35,2025-04-28,2.68,0.0,-1.471,-2.19,-3.249,-89.19,False,,,,,
reverse,stock,CWD,,CaliberCos Inc. Class A Common Stock,NASDAQ,present,2025-05-02,20,1,1:20,2025-05-01,0.223,-11.155,-13.23,-11.155,-9.717,6.278,True,3.797,16.667,0.422,-16.667,-18.776
reverse,stock,HSDT,,Solana Company Class A Common Stock (DE),NASDAQ,present,2025-05-02,15,1,1:15,2025-05-01,0.2601,8.375,-8.092,-13.097,-12.128,17.647,True,0.654,-4.577,-9.15,-8.497,-6.972
reverse,stock,LITM,,,,missing (delisted since),2025-05-02,13,1,1:13,2025-05-01,0.2922,-8.887,-32.936,-30.129,-29.81,1.616,True,-4.145,-0.518,-5.699,-0.518,-4.145
reverse,stock,NIVF,,NewGenIvf Group Limited Class A Ordinary Shares,NASDAQ,present,2025-05-05,10,1,1:10,2025-05-02,0.301,9.455,4.623,-3.526,-14.025,17.608,True,6.497,-14.689,-11.056,-9.887,-8.757
reverse,stock,PBM,,Psyence Biomedical Ltd. Common Shares,NASDAQ,present,2025-05-05,7.97,1,1:7.97,2025-05-02,0.434,-1.364,-4.908,-16.715,-21.062,37.937,True,-6.942,-10.4,-18.784,-22.871,25.964
reverse,stock,SLGL,,Sol-Gel Technologies Ltd. Ordinary Shares,NASDAQ,present,2025-05-05,10,1,1:10,2025-05-02,0.73,-5.685,-3.947,-14.208,-6.673,-39.452,False,,,,,
reverse,stock,WAI,,,,missing (delisted since),2025-05-05,25,1,1:25,2025-05-02,0.148,22.517,2.422,0.0,-1.333,-13.514,True,-3.75,-24.062,-30.0,-25.625,-39.375
reverse,stock,SBET,,"SharpLink, Inc. Common Stock",NASDAQ,present,2025-05-06,12,1,1:12,2025-05-05,0.41,31.2,41.379,49.145,55.953,-21.951,True,-14.844,-17.448,-6.771,-12.63,-24.219
reverse,stock,DGLY,,"Digital Ally, Inc. Common Stock",NASDAQ,present,2025-05-07,20,1,1:20,2025-05-06,0.026,-18.495,-22.388,-23.077,-31.034,-90.577,False,,,,,
reverse,stock,YCBD,,"cbdMD, Inc. Common Stock",AMEX,present,2025-05-07,8,1,1:8,2025-05-06,0.128,-29.901,-31.842,-37.347,-48.157,-11.133,True,-5.495,2.747,4.396,7.692,-0.165
reverse,stock,GDHG,,Golden Heaven Group Holdings Ltd. Class A Ordinary Shares,NASDAQ,present,2025-05-09,25,1,1:25,2025-05-08,0.265,-3.636,-1.23,-8.273,-13.399,-19.849,True,3.578,4.896,5.273,6.968,-64.783
reverse,stock,RSLS,,"ReShape Lifesciences, Inc. Common Stock",NASDAQ,present,2025-05-09,25,1,1:25,2025-05-08,0.3333,-5.741,-25.101,-20.737,-1.681,-20.072,True,-9.76,-6.156,-9.159,-5.706,-28.529
reverse,stock,XHG,,XChange TEC.INC American Depositary Shares,NASDAQ,present,2025-05-09,20,1,1:20,2025-05-08,0.0825,-9.341,-28.695,-31.762,-28.448,18.485,True,14.578,28.9,2.302,-20.205,-19.182
reverse,stock,ALZN,,"Alzamend Neuro, Inc. Common Stock",NASDAQ,present,2025-05-12,9,1,1:9,2025-05-09,0.6581,21.87,10.419,3.556,-1.776,-13.049,True,-18.835,-25.243,-36.117,-30.097,-33.01
reverse,stock,CYCC,,,,missing (delisted since),2025-05-12,16,1,1:16,2025-05-09,0.2534,-15.533,-20.34,-28.418,0.876,-11.454,True,-23.398,-35.376,-38.719,-44.29,-54.875
reverse,stock,STI,,"Solidion Technology, Inc. Common Stock",NASDAQ,present,2025-05-12,50,1,1:50,2025-05-09,0.1036,-34.264,10.096,-0.385,-11.453,-26.255,True,-18.848,-17.277,-8.901,-6.545,-10.733
reverse,stock,CDIO,,Cardio Diagnostics Holdings Inc. Common stock,NASDAQ,present,2025-05-13,30,1,1:30,2025-05-12,0.1573,-15.019,-25.942,-60.802,-66.56,13.371,True,-15.327,-25.234,-28.224,-11.028,-19.439
reverse,stock,MLEC,,Moolec Science SA Ordinary Shares,NASDAQ,present,2025-05-14,10,1,1:10,2025-05-13,0.93,4.143,2.198,5.085,24.0,-7.957,True,-8.732,3.518,5.257,0.001,-6.542
reverse,stock,RNAZ,,"TransCode Therapeutics, Inc. Common Stock",NASDAQ,present,2025-05-15,28,1,1:28,2025-05-14,0.3467,-0.144,-2.94,1.434,-2.393,-21.196,True,6.667,-12.418,-8.366,-0.392,-11.242
reverse,stock,AIFU,,AIFU Inc. Class A Ordinary Share,NASDAQ,present,2025-05-19,20,1,1:20,2025-05-16,0.1751,0.632,1.39,1.802,2.819,-94.94,False,,,,,
reverse,stock,BON,,Bon Natural Life Limited Class A Ordinary Shares,NASDAQ,present,2025-05-19,25,1,1:25,2025-05-16,0.0638,22.457,6.333,12.92,14.748,-18.495,True,16.923,7.692,61.538,36.154,31.538
reverse,stock,CNEY,,CN Energy Group Inc. Class A Ordinary Shares,NASDAQ,present,2025-05-19,25,1,1:25,2025-05-16,0.1169,-12.369,-28.545,-33.693,-39.399,2.464,True,-5.827,-12.172,-3.824,-3.824,-6.161
reverse,stock,SQFT,,"Presidio Property Trust, Inc. Class A Common Stock",NASDAQ,present,2025-05-19,10,1,1:10,2025-05-16,0.61,1.684,-1.613,-4.688,-7.295,2.459,True,-0.24,-2.906,-5.498,-4.0,-4.8
reverse,stock,CDT,,CDT Equity Inc. Common Stock,NASDAQ,present,2025-05-20,15,1,1:15,2025-05-19,0.38,-2.564,-6.863,-5.0,-7.136,0.877,True,-17.913,-28.522,-39.478,-35.826,-53.391
reverse,stock,CVM,,Cel-Sci Corporation,AMEX,present,2025-05-20,30,1,1:30,2025-05-19,0.2038,-8.61,-11.889,-15.506,-19.764,-16.421,True,-11.742,-51.859,-50.881,-51.076,-52.838
reverse,stock,UOKA,,,,missing (delisted since),2025-05-20,25,1,1:25,2025-05-19,0.09,-2.386,9.89,-32.432,-35.391,21.333,True,-14.652,-8.425,-11.355,-12.821,1.099
forward,stock,DFDV,,DeFi Development Corp. Common Stock,NASDAQ,present,2025-05-21,1,7,7:1,2025-05-20,178.4,40.694,13.638,98.244,95.378,39.411,True,19.617,-3.603,-24.796,-44.666,-59.78
forward,stock,FAST,,Fastenal Company Common Stock,NASDAQ,present,2025-05-22,1,2,2:1,2025-05-21,81.46,-0.562,-2.044,-1.891,1.18,-0.037,True,-0.16,2.272,1.854,1.535,3.303
reverse,stock,DGLY,,"Digital Ally, Inc. Common Stock",NASDAQ,present,2025-05-23,100,1,1:100,2025-05-22,0.0255,-15.0,-29.167,-32.895,-37.192,-1.961,True,66.0,31.6,0.8,-4.0,20.4
reverse,stock,QVCGA,,,,missing (delisted since),2025-05-23,50,1,1:50,2025-05-22,0.0995,0.101,-4.235,-3.116,-17.152,-19.799,True,16.04,13.784,18.045,-11.278,-26.817
reverse,stock,QVCGB,,,,missing (delisted since),2025-05-23,50,1,1:50,2025-05-22,3.905,-17.442,-22.826,-26.46,-31.371,-98.0,False,,,,,
reverse,etf,SMST,,Tidal Trust II Defiance Daily Target 2x Short MSTR ETF,NASDAQ,present,2025-05-23,20,1,1:20,2025-05-22,1.3,1.562,8.333,6.557,-2.256,15.346,True,-1.501,2.668,-1.034,-2.101,-13.138
reverse,stock,APVO,,Aptevo Therapeutics Inc. Common Stock,NASDAQ,present,2025-05-27,20,1,1:20,2025-05-23,0.2754,-8.2,-27.526,-11.133,-13.938,-10.675,True,-6.504,-4.472,-4.065,1.118,-5.081
forward,stock,COKE,,"Coca-Cola Consolidated, Inc. Common Stock",NASDAQ,present,2025-05-27,1,10,10:1,2025-05-23,1143.55,1.178,0.49,-1.418,-2.748,-1.246,True,1.151,0.939,1.523,-1.319,-1.62
reverse,stock,FRGT,,"Freight Technologies, Inc. Ordinary Shares",NASDAQ,present,2025-05-27,4,1,1:4,2025-05-23,0.6703,-3.762,-32.457,-27.956,-32.97,-10.861,True,2.092,-7.531,-10.46,1.255,-3.347
reverse,stock,PLRZ,,Polyrizon Ltd. Ordinary Shares,NASDAQ,present,2025-05-27,250,1,1:250,2025-05-23,0.0034,-19.048,-37.037,-34.615,-48.485,-24.0,True,59.443,93.498,41.347,25.387,25.232
reverse,stock,WHLR,,"Wheeler Real Estate Investment Trust, Inc. Common Stock",NASDAQ,present,2025-05-27,7,1,1:7,2025-05-23,0.7273,-1.716,-31.387,-41.347,-36.202,0.676,True,-9.472,-15.325,-22.349,-16.106,-12.204
reverse,stock,ASPS,,Altisource Portfolio Solutions S.A. Common Stock,NASDAQ,present,2025-05-28,8,1,1:8,2025-05-27,0.798,-5.785,-3.855,-3.855,-7.101,-5.858,True,-2.829,-6.489,1.997,5.491,34.775
reverse,stock,TAOP,,Taoping Inc. Ordinary Shares,NASDAQ,present,2025-05-29,30,1,1:30,2025-05-28,0.2712,-3.143,-5.505,-1.952,1.917,-18.265,True,10.827,8.872,19.549,5.414,-3.91
reverse,stock,EJH,,E-Home Household Service Holdings Limited Ordinary Shares,NASDAQ,present,2025-05-30,50,1,1:50,2025-05-29,0.093,-11.848,-35.95,-7.921,3.333,-17.204,True,-17.662,-29.61,-23.117,-28.312,-38.961
reverse,stock,APDN,,,,missing (delisted since),2025-06-02,15,1,1:15,2025-05-30,0.3376,3.431,-34.713,-35.915,-38.585,15.126,True,-12.436,-5.317,-5.489,-11.321,-12.178
reverse,stock,ARBB,,ARB IOT Group Limited Ordinary Shares,NASDAQ,present,2025-06-02,15,1,1:15,2025-05-30,0.5229,2.529,-12.763,-12.85,-16.709,-13.304,True,-0.294,-12.5,-14.706,-14.706,-0.588
reverse,stock,EKSO,,,,missing (delisted since),2025-06-02,15,1,1:15,2025-05-30,0.302,-0.231,0.7,2.165,8.399,3.091,True,-5.567,-6.638,-7.709,-7.709,-17.345
reverse,stock,LYEL,,"Lyell Immunopharma, Inc. Common Stock",NASDAQ,present,2025-06-02,20,1,1:20,2025-05-30,0.4367,8.74,6.512,6.357,3.385,-5.885,True,-2.798,63.869,39.416,51.703,23.723
reverse,stock,MULN,,,,missing (delisted since),2025-06-02,100,1,1:100,2025-05-30,0.0821,-23.199,-45.987,-48.655,-50.542,-32.034,True,-3.405,188.53,45.341,6.989,-61.29
reverse,stock,AGMH,,AGM Group Holdings Inc. Class A Ordinary Shares,NASDAQ,present,2025-06-03,50,1,1:50,2025-06-02,0.0566,-5.667,-16.765,-21.06,-19.83,-0.707,True,33.808,6.94,10.676,9.609,-20.641
reverse,etf,MQQQ,,Investment Managers Series Trust II Tradr 2X Long Innovation 100 Monthly ETF,NASDAQ,present,2025-06-03,5,1,1:5,2025-06-02,28.17,1.455,1.514,1.844,5.345,1.433,True,0.253,-1.254,0.596,2.15,0.129
reverse,stock,OGEN,,Oragenics Inc.,AMEX,present,2025-06-03,30,1,1:30,2025-06-02,0.167,39.167,26.133,20.404,-12.105,-11.976,True,-16.1,-19.955,-2.948,2.268,-0.907
reverse,etf,QQQP,,Investment Managers Series Trust II Tradr 2X Long Innovation 100 Quarterly ETF,NASDAQ,present,2025-06-03,5,1,1:5,2025-06-02,26.84,1.36,1.551,1.628,5.296,1.028,True,0.568,-0.723,1.254,2.605,0.391
reverse,etf,SPYQ,,Investment Managers Series Trust II Tradr 2X Long SPY Quarterly ETF,NASDAQ,present,2025-06-03,5,1,1:5,2025-06-02,25.3599,0.835,0.915,1.478,4.062,1.353,True,0.001,-1.164,0.914,1.941,0.076
reverse,stock,INAB,,"IN8bio, Inc. Common Stock",NASDAQ,present,2025-06-06,30,1,1:30,2025-06-05,0.1201,-1.959,-2.91,-10.172,-21.708,15.737,True,-26.139,-30.935,-39.089,-45.803,-46.523
reverse,stock,AEMD,,"Aethlon Medical, Inc. Common Stock",NASDAQ,present,2025-06-09,8,1,1:8,2025-06-06,0.3299,-2.252,-9.715,-5.77,-11.791,-12.852,True,-13.478,-12.174,-14.348,-21.739,-29.565
reverse,stock,BOLT,,"Bolt Biotherapeutics, Inc. Common Stock",NASDAQ,present,2025-06-09,20,1,1:20,2025-06-06,0.323,8.389,-0.247,6.425,2.67,-4.954,True,8.176,6.352,1.466,-6.026,-8.958
reverse,stock,DUO,,Fangdd Network Group Ltd. Class A Ordinary Shares,NASDAQ,present,2025-06-09,16,1,1:16,2025-06-06,0.2,6.952,-3.428,0.0,-1.137,-13.75,True,-5.072,-10.507,-3.623,-6.159,-12.319
reverse,stock,HUSA,,,,missing (delisted since),2025-06-09,10,1,1:10,2025-06-06,0.4878,1.625,0.994,1.625,8.16,-11.234,True,1.386,26.097,64.896,144.804,196.305
reverse,stock,NKTR,,Nektar Therapeutics Common Stock,NASDAQ,present,2025-06-09,15,1,1:15,2025-06-06,0.666,-1.304,-10.76,-11.141,-8.075,-12.012,True,29.124,8.646,-0.341,5.233,178.157
reverse,stock,PXLW,,"Pixelworks, Inc. Common Stock",NASDAQ,present,2025-06-09,12,1,1:12,2025-06-06,0.504,2.857,-1.62,6.802,3.682,-3.439,True,-5.479,-13.185,-10.616,-8.39,31.079
reverse,stock,BBLG,,Bone Biologics Corp Common Stock,NASDAQ,present,2025-06-10,6,1,1:6,2025-06-09,0.7541,-5.89,-6.625,-8.925,-8.003,22.884,True,-11.691,-5.036,-14.219,-8.633,-24.64
reverse,stock,CLRO,,"ClearOne, Inc. Common Stock",NASDAQ,present,2025-06-10,15,1,1:15,2025-06-09,0.4299,7.18,2.357,2.333,16.821,-6.878,True,-4.913,-3.414,-4.413,1.415,-8.576
reverse,stock,INUV,,"Inuvo, Inc.",AMEX,present,2025-06-10,10,1,1:10,2025-06-09,0.3986,-0.35,-2.232,3.452,2.231,-11.189,True,-14.124,0.565,0.282,-1.977,8.757
forward,stock,ORLY,,"O'Reilly Automotive, Inc. Common Stock",NASDAQ,present,2025-06-10,1,15,15:1,2025-06-09,1348.1,-2.15,-1.728,-1.353,-1.647,2.044,True,-1.854,-0.72,-1.963,-3.173,-4.22
reverse,stock,SVRE,,SaverOne 2014 Ltd. American Depositary Shares,NASDAQ,present,2025-06-11,3,1,1:3,2025-06-10,0.9647,-11.495,-19.608,-14.628,-28.007,14.025,True,-1.818,-14.242,-18.485,-29.091,-30.303
reverse,stock,ERNA,,Ernexa Therapeutics Inc. Common Stock,NASDAQ,present,2025-06-12,15,1,1:15,2025-06-11,0.1585,2.258,-16.138,-11.944,-11.944,-0.315,True,-3.376,0.844,6.751,3.376,-21.941
reverse,etf,ETHT,,ProShares Ultra Ether ETF,ARCA,present,2025-06-12,5,1,1:5,2025-06-11,10.15,2.629,18.161,27.193,13.535,-8.394,True,-12.562,-3.377,-13.1,-20.994,-21.725
reverse,etf,SBIT,,ProShares UltraShort Bitcoin ETF,ARCA,present,2025-06-12,5,1,1:5,2025-06-11,6.84,1.484,0.0,-8.311,-7.692,3.45,True,3.25,-3.703,3.392,6.331,-0.707
reverse,etf,SCC,,ProShares UltraShort Consumer Discretionary,ARCA,present,2025-06-12,2,1,1:2,2025-06-11,9.23,1.635,-0.795,-2.187,0.217,1.041,True,2.059,-0.26,3.098,2.991,-5.984
reverse,etf,SIJ,,ProShares UltraShort Industrials,ARCA,present,2025-06-12,2,1,1:2,2025-06-11,6.7237,0.06,1.139,1.323,-0.162,0.601,True,1.83,0.318,1.754,2.231,-5.679
reverse,etf,SMDD,,ProShares UltraPro Short MidCap400,ARCA,present,2025-06-12,2,1,1:2,2025-06-11,8.26,1.173,0.707,-0.108,-2.468,0.073,True,4.584,1.318,3.859,2.891,-5.941
reverse,stock,SST,,"System1, Inc.",NYSE,present,2025-06-12,10,1,1:10,2025-06-11,0.3802,-13.236,-15.511,-2.262,0.849,9.416,True,-6.971,8.413,24.519,129.567,51.923
reverse,stock,VLCN,,,,missing (delisted since),2025-06-12,8,1,1:8,2025-06-11,0.659,1.012,0.981,-1.642,-5.587,8.153,True,-8.625,-6.891,-8.801,12.421,20.138
reverse,stock,AMZE,,"Amaze Holdings, Inc.",AMEX,present,2025-06-13,23,1,1:23,2025-06-12,0.3702,0.352,-18.097,-10.795,25.918,-12.035,True,-8.29,-8.009,41.39,36.851,12.418
reverse,stock,ARTL,,"Artelo Biosciences, Inc. Common Stock",NASDAQ,present,2025-06-13,6,1,1:6,2025-06-12,1.1808,-1.6,4.496,7.345,7.345,1.555,True,-11.049,-13.134,-15.636,-18.277,84.434
reverse,stock,CHNR,,"China Natural Resources, Inc. Common Stock",NASDAQ,present,2025-06-13,8,1,1:8,2025-06-12,0.58,-17.73,3.571,-2.027,1.79,-15.517,True,3.827,9.694,4.668,-5.357,0.51
reverse,etf,GLL,,ProShares UltraShort Gold,ARCA,present,2025-06-13,2,1,1:2,2025-06-12,10.6,-2.394,-3.461,-3.549,-1.578,-2.594,True,2.857,2.809,3.971,3.535,7.797
reverse,stock,ONCO,,"Onconetix, Inc. Common Stock",NASDAQ,present,2025-06-13,85,1,1:85,2025-06-12,0.0741,7.703,-9.413,-7.026,6.619,-24.903,True,-9.937,-13.319,-15.433,-14.799,0.846
forward,etf,UGL,,ProShares Ultra Gold,ARCA,present,2025-06-13,1,4,4:1,2025-06-12,146.1,2.454,3.558,3.949,1.762,2.587,True,-2.856,-2.776,-3.87,-3.443,-7.499
forward,etf,ARKB,,ARK 21Shares Bitcoin ETF,BATS,present,2025-06-16,1,3,3:1,2025-06-13,104.89,-1.539,-3.265,-3.982,0.846,3.394,True,-3.679,-4.509,-5.007,-2.822,-3.126
reverse,stock,CBIO,,"Crescent Biopharma, Inc. Common Stock",NASDAQ,present,2025-06-16,100,1,1:100,2025-06-13,0.157,-5.422,-5.422,-7.864,-18.989,0.605,True,-15.986,-7.439,-5.033,-4.622,2.248
reverse,stock,GCTK,,"GlucoTrack, Inc. Common Stock",NASDAQ,present,2025-06-16,60,1,1:60,2025-06-13,0.0949,-10.387,-40.688,-39.554,-34.097,10.731,True,-3.727,-1.19,0.238,-1.507,0.079
reverse,stock,JFBR,,,,missing (delisted since),2025-06-16,17,1,1:17,2025-06-13,0.291,-14.412,-42.49,-40.012,-37.122,13.2,True,-1.25,15.982,33.75,11.318,12.679
reverse,stock,JZ,,Jianzhi Education Technology Group Company Limited American Depositary Shs,NASDAQ,present,2025-06-16,10,1,1:10,2025-06-13,0.2698,-11.25,-30.821,-29.0,-32.55,6.004,True,-30.07,-31.469,-32.517,-34.79,-42.308
reverse,stock,NCI,,Neo-Concept International Group Holdings Limited Class A Ordinary Shares,NASDAQ,present,2025-06-16,5,1,1:5,2025-06-13,0.3406,-5.468,-14.85,-14.871,-12.667,10.981,True,5.82,24.339,21.164,27.524,20.106
forward,stock,RGC,,Regencell Bioscience Holdings Limited Ordinary Shares,NASDAQ,present,2025-06-16,1,38,38:1,2025-06-13,595.1,-2.523,-4.417,-3.185,-13.232,283.129,False,,,,,
reverse,stock,SHPH,,"Shuttle Pharmaceuticals Holdings, Inc. Common Stock",NASDAQ,present,2025-06-16,25,1,1:25,2025-06-13,0.1328,-9.352,-40.555,-40.126,-27.59,-1.807,True,5.828,10.429,16.564,6.135,33.129
reverse,stock,SMX,,SMX (Security Matters) Public Limited Company Ordinary Shares,NASDAQ,present,2025-06-16,4.1,1,1:4.1,2025-06-13,0.923,-11.25,-17.589,-21.78,-24.344,-4.87,True,28.889,36.111,25.972,20.556,18.056
reverse,stock,FGEN,,,,missing (delisted since),2025-06-17,25,1,1:25,2025-06-16,0.2661,0.834,-13.744,-13.883,-16.714,-11.612,True,-12.245,-2.211,-8.163,-2.891,-10.714
reverse,stock,RAPT,,,,missing (delisted since),2025-06-17,8,1,1:8,2025-06-16,1.03,-0.962,-5.505,-6.364,-14.167,-4.854,True,-5.357,-5.23,-5.102,21.939,2.168
reverse,stock,SNSE,,,,missing (delisted since),2025-06-17,20,1,1:20,2025-06-16,0.326,8.667,-2.832,-0.275,-6.617,0.46,True,14.198,16.947,23.053,31.221,41.45
forward,stock,IBKR,,"Interactive Brokers Group, Inc. Class A Common Stock",NASDAQ,present,2025-06-18,1,4,4:1,2025-06-17,208.17,-0.711,2.973,1.556,1.522,1.071,True,-2.395,-3.935,-1.825,1.54,10.228
reverse,stock,BNRG,,,,missing (delisted since),2025-06-20,5,1,1:5,2025-06-18,0.49,5.832,-14.886,-16.254,-26.866,3.673,True,-1.969,-11.811,-7.874,2.756,0.394
reverse,stock,UNCY,,"Unicycive Therapeutics, Inc. Common Stock",NASDAQ,present,2025-06-20,10,1,1:10,2025-06-18,0.6675,-2.796,-11.507,-2.04,5.969,-5.019,True,12.145,9.464,-2.05,7.256,-26.025
reverse,stock,XXII,,"22nd Century Group, Inc. Common Stock",NASDAQ,present,2025-06-20,23,1,1:23,2025-06-18,0.4401,-7.736,-29.005,-31.873,-36.676,-13.854,True,-6.995,-16.858,-20.986,-6.766,-28.44
reverse,stock,KULR,,"KULR Technology Group, Inc.",AMEX,present,2025-06-23,8,1,1:8,2025-06-20,0.8653,0.651,14.276,-3.491,-29.65,-3.357,True,-2.242,-22.123,-22.422,6.577,2.242
forward,stock,PEGA,,Pegasystems Inc. Common Stock,NASDAQ,present,2025-06-23,1,2,2:1,2025-06-20,99.21,-1.84,-1.445,-0.889,-1.976,0.695,True,3.323,1.241,4.505,8.368,7.968
reverse,stock,SLE,,"Super League Enterprise, Inc. Common Stock",NASDAQ,present,2025-06-23,40,1,1:40,2025-06-20,0.1081,0.185,-6.0,-1.638,-9.312,1.064,True,-4.119,-0.458,7.146,6.064,33.867
reverse,stock,STEM,,"Stem, Inc.",NYSE,present,2025-06-23,20,1,1:20,2025-06-20,0.4182,-3.972,-5.084,-11.021,-14.792,-11.047,True,-4.973,-17.07,-9.812,-16.263,21.505
reverse,stock,TRUG,,"TruGolf Holdings, Inc. Class A Common Stock",NASDAQ,present,2025-06-23,50,1,1:50,2025-06-20,0.1306,-0.229,-22.768,-27.525,-42.969,-14.395,True,3.757,11.807,13.417,2.326,-1.968
reverse,stock,CLRB,,"Cellectar Biosciences, Inc. Common Stock",NASDAQ,present,2025-06-24,30,1,1:30,2025-06-23,0.2978,2.056,-18.523,-15.253,-27.928,8.574,True,-18.144,-23.918,-18.557,-49.897,-50.0
reverse,stock,JDZG,,JIADE LIMITED Class A Ordinary Shares,NASDAQ,present,2025-06-24,8,1,1:8,2025-06-23,0.2599,-1.553,-10.162,-11.839,-8.807,30.266,True,-7.698,-2.529,-2.898,-9.913,-9.544
reverse,stock,AYRO,,,,missing (delisted since),2025-06-26,16,1,1:16,2025-06-25,0.43,11.979,8.861,7.5,5.212,11.026,True,-0.998,-3.516,3.946,-6.396,-14.644
reverse,stock,BREA,,,,missing (delisted since),2025-06-26,10,1,1:10,2025-06-25,0.67,-8.232,-11.854,-14.812,9.227,0.924,True,3.521,12.394,9.88,13.725,-2.764
reverse,stock,GNLN,,"Greenlane Holdings, Inc. Class A Common Stock",NASDAQ,present,2025-06-27,750,1,1:750,2025-06-26,0.007,-5.405,-21.348,-21.348,-32.692,-41.333,False,,,,,
reverse,stock,INDP,,"Indaptus Therapeutics, Inc. Common Stock",NASDAQ,present,2025-06-27,28,1,1:28,2025-06-26,0.4591,24.755,1.932,-8.18,39.544,-9.45,True,-9.536,-4.21,-7.302,-4.553,8.076
reverse,stock,TRNR,,Interactive Strength Inc. Common Stock,NASDAQ,present,2025-06-27,10,1,1:10,2025-06-26,0.435,-2.923,-36.413,-32.558,-38.793,16.092,True,15.644,10.297,5.545,29.307,36.832
reverse,stock,AIMD,,"Ainos, Inc. Common Stock",NASDAQ,present,2025-06-30,5,1,1:5,2025-06-27,0.5,3.691,-1.478,0.402,-1.068,13.2,True,-5.654,12.721,16.254,9.187,1.06
forward,stock,APG,,APi Group Corporation,NYSE,present,2025-07-01,2,3,3:2,2025-06-30,51.05,0.354,1.471,1.632,0.413,-2.772,True,1.451,3.747,3.626,4.231,4.654
reverse,stock,HSDT,,Solana Company Class A Common Stock (DE),NASDAQ,present,2025-07-01,50,1,1:50,2025-06-30,0.182,-13.744,-46.455,-44.0,-43.125,-5.549,True,13.554,9.366,9.948,-1.92,-2.734
reverse,stock,PTHS,,Pelthos Therapeutics Inc.,AMEX,present,2025-07-02,10,1,1:10,2025-07-01,1.35,7.143,0.0,15.385,14.894,22.222,True,-1.909,57.273,20.485,60.485,34.121
reverse,stock,SPRC,,SciSparc Ltd. Ordinary Shares,NASDAQ,present,2025-07-03,21,1,1:21,2025-07-02,0.3103,-0.863,-0.225,0.747,-2.971,1.284,True,-3.398,-0.758,6.667,5.985,14.242
reverse,stock,WBX,,Wallbox N.V.,NYSE,present,2025-07-03,20,1,1:20,2025-07-02,0.301,-4.626,-5.257,-7.951,-5.643,-3.156,True,-3.087,3.259,9.605,4.974,1.887
reverse,stock,BIVI,,BioVie Inc. Class A Common Stock,NASDAQ,present,2025-07-07,10,1,1:10,2025-07-03,0.96,-1.072,3.115,3.784,-6.796,-15.625,True,4.568,-0.617,-6.543,-18.272,-9.753
reverse,stock,CYCC,,,,missing (delisted since),2025-07-07,15,1,1:15,2025-07-03,0.236,-4.8,-29.825,-28.55,-32.533,0.847,True,-5.882,4.482,17.647,-7.283,226.611
reverse,stock,FLYE,,"Fly-E Group, Inc. Common Stock",NASDAQ,present,2025-07-07,5,1,1:5,2025-07-03,0.7221,-8.409,-26.414,-20.605,-23.997,13.835,True,4.501,5.839,7.056,11.922,27.494
reverse,stock,LRHC,,La Rosa Holdings Corp. Common Stock,NASDAQ,present,2025-07-07,80,1,1:80,2025-07-03,0.15,87.266,18.483,14.943,3.164,-30.083,True,-3.576,-9.595,-7.986,-11.8,-3.337
reverse,stock,LVLU,,"Lulu's Fashion Lounge Holdings, Inc. Common Stock",NASDAQ,present,2025-07-07,15,1,1:15,2025-07-03,0.272,-2.822,12.119,-9.333,-22.419,20.098,True,-7.551,-9.388,-6.327,-2.653,-20.343
reverse,stock,NUWE,,"Nuwellis, Inc. Common Stock",NASDAQ,present,2025-07-07,42,1,1:42,2025-07-03,0.1963,-10.569,-15.132,-10.935,-23.915,-13.762,True,11.111,3.797,4.712,9.845,111.955
reverse,stock,REVB,,"Revelation Biosciences, Inc. Common Stock",NASDAQ,present,2025-07-07,3,1,1:3,2025-07-03,0.76,-1.312,-7.317,1.333,-7.317,13.145,True,-2.702,10.478,9.509,6.602,18.618
reverse,stock,BNZI,,,,missing (delisted since),2025-07-08,10,1,1:10,2025-07-07,0.5801,-5.537,-10.02,-10.754,1.772,-20.014,True,-4.741,-12.284,-9.914,-19.181,-18.319
forward,etf,PTIR,,GraniteShares ETF Trust GraniteShares 2x Long PLTR Daily ETF,NASDAQ,present,2025-07-09,1,15,15:1,2025-07-08,304.26,0.805,7.855,11.357,4.291,4.861,True,-0.799,-1.457,8.134,10.672,15.891
reverse,stock,MFI,,mF International Limited Class A Ordinary Shares,NASDAQ,present,2025-07-10,8,1,1:8,2025-07-09,4.0,-24.67,-24.242,-20.477,-26.063,9.312,True,-17.353,-9.72,-16.524,-14.294,-24.786
reverse,stock,GORV,,,,missing (delisted since),2025-07-14,30,1,1:30,2025-07-11,0.2394,0.673,-4.925,-3.273,-1.441,6.656,True,-11.88,-11.749,-13.316,-15.144,-15.144
reverse,stock,HTOO,,Fusion Fuel Green PLC Class A Ordinary Shares,NASDAQ,present,2025-07-14,35,1,1:35,2025-07-11,0.1624,1.437,-10.965,-11.16,-18.8,-30.331,True,32.576,19.318,17.929,8.081,51.01
reverse,stock,NXTC,,"NextCure, Inc. Common Stock",NASDAQ,present,2025-07-14,12,1,1:12,2025-07-11,0.395,-15.634,-12.222,-13.301,-9.362,3.376,True,-2.857,-1.633,4.694,1.633,13.061
reverse,stock,PASG,,"Passage Bio, Inc. Common Stock",NASDAQ,present,2025-07-14,20,1,1:20,2025-07-11,0.4009,0.855,-9.093,-1.256,-13.075,-15.316,True,-12.297,-18.115,-15.022,-22.386,3.829
reverse,stock,XAIR,,"Beyond Air, Inc. Common Stock",NASDAQ,present,2025-07-14,20,1,1:20,2025-07-11,0.1726,-11.487,-17.81,-17.019,-3.575,-11.645,True,3.607,6.23,6.23,8.852,4.918
reverse,stock,MLGO,,"MicroAlgo, Inc. Class A Ordinary Shares",NASDAQ,present,2025-07-18,30,1,1:30,2025-07-17,0.5928,-8.519,-10.736,-11.522,-17.46,-17.566,True,-2.319,3.342,-1.569,-14.802,-37.858
reverse,stock,GVH,,Globavend Holdings Limited Ordinary Shares,NASDAQ,present,2025-07-21,200,1,1:200,2025-07-18,0.0351,-25.319,-52.245,-54.178,-57.914,1.994,True,8.799,1.676,1.257,-7.123,-20.391
reverse,stock,IVF,,"INVO Fertility, Inc. Common Stock",NASDAQ,present,2025-07-21,3,1,1:3,2025-07-18,0.8428,1.628,2.793,5.1,8.636,0.854,True,35.686,1.961,-14.118,-16.471,-26.275
reverse,stock,TWG,,Top Wealth Group Holding Limited Class A Ordinary Shares,NASDAQ,present,2025-07-21,90,1,1:90,2025-07-18,0.1071,-12.927,-23.005,-25.366,-25.314,-34.122,True,10.236,7.402,-1.575,27.244,24.882
reverse,stock,CNSP,,"CNS Pharmaceuticals, Inc. Common Stock",NASDAQ,present,2025-07-22,12,1,1:12,2025-07-21,0.7451,-6.863,-16.842,-13.682,-14.894,-1.356,True,-6.916,-2.608,0.0,-8.05,-13.379
reverse,stock,GBIO,,,,missing (delisted since),2025-07-22,10,1,1:10,2025-07-21,0.421,3.618,-19.256,-25.487,-4.318,1.425,True,1.405,-1.639,7.963,3.279,6.792
reverse,stock,PC,,Premium Catering (Holdings) Limited Ordinary Shares,NASDAQ,present,2025-07-22,9,1,1:9,2025-07-21,0.6153,0.885,0.049,-0.71,-12.1,4.737,True,6.724,1.441,2.586,8.621,35.0
reverse,stock,IMNN,,"Imunon, Inc. Common Stock",NASDAQ,present,2025-07-25,15,1,1:15,2025-07-24,0.5031,-4.19,-19.323,-10.161,-16.609,-7.242,True,3.0,12.143,8.714,21.429,2.571
reverse,stock,VRCA,,Verrica Pharmaceuticals Inc. Common Stock,NASDAQ,present,2025-07-25,10,1,1:10,2025-07-24,0.7,-0.681,-3.047,-8.985,-18.148,-5.571,True,2.723,-5.598,-9.38,-14.675,-3.933
reverse,stock,AGRI,,,,missing (delisted since),2025-07-28,9,1,1:9,2025-07-25,0.593,10.82,-14.058,-16.089,-20.828,-6.314,True,-17.8,-5.4,-18.2,-15.4,-37.6
reverse,stock,CHPT,,"ChargePoint Holdings, Inc.",NYSE,present,2025-07-28,20,1,1:20,2025-07-25,0.6106,-2.226,-8.565,-4.474,-2.132,-18.85,True,-8.577,-9.485,-7.265,-1.816,7.467
reverse,stock,IMA,,"ImageneBio, Inc. Common Stock",NASDAQ,present,2025-07-28,12,1,1:12,2025-07-25,1.43,4.38,3.623,15.323,12.598,-4.604,True,-7.147,-6.597,9.346,1.405,-9.957
reverse,stock,MRSN,,,,missing (delisted since),2025-07-28,25,1,1:25,2025-07-25,0.308,-4.378,-24.063,-15.315,-12.698,-11.299,True,1.757,-1.171,0.293,0.439,-12.592
reverse,stock,AIHS,,,,missing (delisted since),2025-07-29,10,1,1:10,2025-07-28,0.2663,6.307,-16.363,-15.029,-15.994,2.704,True,-1.28,-4.57,-2.377,-5.302,-19.561
reverse,stock,SLXN,,Silexion Therapeutics Corp Ordinary Shares,NASDAQ,present,2025-07-29,15,1,1:15,2025-07-28,0.875,1.32,3.919,-0.715,6.086,-5.448,True,-8.783,20.387,-25.222,-28.606,-41.579
reverse,stock,NAAS,,NaaS Technology Inc. American Depositary Shares,NASDAQ,present,2025-07-30,4,1,1:4,2025-07-29,0.6375,0.394,-6.029,-4.279,-10.677,12.941,True,6.944,1.389,10.417,-19.444,-2.431
reverse,stock,BDRX,,Biodexa Pharmaceuticals plc American Depositary Shs,NASDAQ,present,2025-07-31,10,1,1:10,2025-07-30,0.8637,0.419,-1.852,-1.852,-2.13,-9.112,True,-14.65,-11.083,-11.083,-13.376,-10.318
reverse,stock,FGI,,FGI Industries Ltd. Ordinary Shares,NASDAQ,present,2025-07-31,5,1,1:5,2025-07-30,0.7899,11.254,7.645,4.071,-4.394,13.938,True,-12.222,-11.971,-1.333,-6.982,-16.762
forward,stock,YOSH,,,,missing (delisted since),2025-07-31,1,4,4:1,2025-07-30,8.76,-0.114,2.217,5.036,10.467,6.621,True,-10.493,-10.064,-20.771,-23.769,-26.338
reverse,stock,DRMA,,"Dermata Therapeutics, Inc. Common Stock",NASDAQ,present,2025-08-01,10,1,1:10,2025-07-31,0.6231,1.747,-11.755,-11.353,-10.897,3.515,True,9.442,8.371,1.085,0.093,-7.287
reverse,stock,HCTI,,"Healthcare Triangle, Inc. Common Stock",NASDAQ,present,2025-08-01,249,1,1:249,2025-07-31,0.0312,3.311,-38.583,-46.114,-42.541,-38.858,True,7.579,-14.105,-30.316,-29.474,-16.0
reverse,stock,ANGH,,Anghami Inc. Ordinary Shares,NASDAQ,present,2025-08-04,10,1,1:10,2025-08-01,0.3096,-8.968,-23.687,-42.677,-31.276,18.773,True,-3.204,-7.266,-7.767,-12.395,-10.258
reverse,stock,AQMS,,"Aqua Metals, Inc. Common Stock",NASDAQ,present,2025-08-04,10,1,1:10,2025-08-01,0.3897,2.23,-13.168,-12.091,-25.743,12.138,True,-11.442,-10.755,-14.188,-13.043,-6.636
reverse,etf,FBDC,,FT Confluence BDC & Specialty Finance Income ETF,ARCA,present,2025-08-04,5,1,1:5,2025-08-01,4.2198,-0.711,-1.06,-1.865,-3.84,0.123,True,0.233,0.189,-0.778,-0.024,0.167
reverse,stock,FLGC,,,,missing (delisted since),2025-08-04,39,1,1:39,2025-08-01,0.51,-13.324,-19.048,-21.526,-17.127,7.944,True,-8.477,-10.619,-18.864,-4.052,8.85
reverse,stock,NIVF,,NewGenIvf Group Limited Class A Ordinary Shares,NASDAQ,present,2025-08-04,5,1,1:5,2025-08-01,0.4002,-8.0,-4.941,-13.0,-23.038,17.941,True,-5.085,-19.068,-21.61,-21.186,-19.068
reverse,stock,ACXP,,"Acurx Pharmaceuticals, Inc. Common Stock",NASDAQ,present,2025-08-05,20,1,1:20,2025-08-04,0.2924,-4.756,-10.307,-11.34,-28.333,-12.962,True,-0.796,-8.644,-12.181,-12.868,-0.786
reverse,stock,CLDI,,"Calidi Biotherapeutics, Inc.",AMEX,present,2025-08-05,12,1,1:12,2025-08-04,0.5931,0.474,-0.453,1.367,7.915,1.866,True,-14.759,-20.552,-30.897,-27.034,-58.621
reverse,stock,MKZR,,"MacKenzie Realty Capital, Inc. Common Stock",NASDAQ,present,2025-08-05,10,1,1:10,2025-08-04,0.5099,1.695,-11.167,-13.576,-18.325,-3.51,True,-6.911,-8.537,-3.354,0.815,2.64
reverse,stock,OST,,"Ostin Technology Group Co., Ltd. Class A Ordinary Shares",NASDAQ,present,2025-08-05,25,1,1:25,2025-08-04,0.08,2.564,-5.771,2.041,-22.705,7.0,True,-17.29,-31.776,-31.308,-15.421,-9.346
reverse,stock,SEAT,,Vivid Seats Inc. Class A Common Stock,NASDAQ,present,2025-08-06,20,1,1:20,2025-08-05,1.02,-22.433,-29.655,-34.194,-37.037,25.882,True,-30.179,-34.735,-32.535,-29.206,-37.617
reverse,stock,SMX,,SMX (Security Matters) Public Limited Company Ordinary Shares,NASDAQ,present,2025-08-07,7,1,1:7,2025-08-06,0.7501,-13.403,-44.022,-39.992,-54.813,-7.06,True,33.402,1.434,1.639,2.049,-17.418
reverse,stock,DEVS,,,,missing (delisted since),2025-08-08,10,1,1:10,2025-08-07,0.2719,2.992,-24.262,-15.664,-17.581,4.082,True,-4.24,-5.654,-7.067,-15.194,-15.194
reverse,stock,EVTV,,,,missing (delisted since),2025-08-08,10,1,1:10,2025-08-07,0.1799,6.45,-26.058,-20.328,11.878,-1.056,True,2.247,-0.562,-4.494,2.247,34.831
reverse,stock,HTCO,,High-Trend International Group Class A Ordinary Shares,NASDAQ,present,2025-08-08,25,1,1:25,2025-08-07,0.3038,0.264,3.97,-3.556,-5.711,-5.069,True,-10.541,-7.399,-13.037,-13.315,9.501
reverse,stock,ZBAI,,,,missing (delisted since),2025-08-08,18,1,1:18,2025-08-07,0.3512,-7.262,-2.472,-6.197,0.057,-3.822,True,-3.849,-2.961,0.329,-5.428,-5.51
reverse,stock,NCNA,,NuCana plc American Depositary Share,NASDAQ,present,2025-08-11,200,1,1:200,2025-08-08,0.0322,-1.829,-20.297,-24.235,-17.647,-30.59,True,5.369,1.79,-7.159,-13.423,-23.937
reverse,stock,VERU,,Veru Inc. Common Stock,NASDAQ,present,2025-08-11,10,1,1:10,2025-08-08,0.3727,-0.107,1.97,-17.123,-24.478,-3.676,True,-11.699,-5.014,3.343,-2.228,-2.786
reverse,stock,WATT,,Energous Corporation Common Stock,NASDAQ,present,2025-08-11,30,1,1:30,2025-08-08,0.2914,2.246,2.174,-31.16,-25.263,-15.122,True,-2.695,9.164,9.03,4.447,9.164
reverse,stock,NAOV,,,,missing (delisted since),2025-08-12,10,1,1:10,2025-08-11,0.772,-3.512,-7.367,-7.434,-9.187,-3.756,True,-6.999,-9.556,-21.131,-25.437,-20.996
reverse,etf,CONI,,GraniteShares ETF Trust GraniteShares 2x Short COIN Daily ETF,NASDAQ,present,2025-08-15,20,1,1:20,2025-08-14,2.44,1.245,-1.613,-3.557,-8.614,4.918,True,-2.109,9.238,7.578,-3.945,5.449
reverse,stock,HIND,,"Vyome Holdings, Inc. Common Stock",NASDAQ,present,2025-08-15,4,1,1:4,2025-08-14,3.92,22.5,93.103,108.511,45.185,-10.714,True,-37.643,-35.571,-35.786,-17.786,-34.286
reverse,stock,VTAK,,"Catheter Precision, Inc.",AMEX,present,2025-08-15,19,1,1:19,2025-08-14,0.1539,-10.0,-11.04,-13.345,-13.878,-10.742,True,62.835,21.073,15.709,15.709,-4.215
reverse,stock,CHSN,,Chanson International Holding Class A Ordinary Shares,NASDAQ,present,2025-08-18,80,1,1:80,2025-08-15,0.0394,-24.521,-48.497,-54.608,-54.398,4.061,True,-17.683,-28.049,-32.927,-36.89,-31.25
reverse,stock,ENTO,,,,missing (delisted since),2025-08-18,3,1,1:3,2025-08-15,0.61,-0.538,-2.556,-6.154,67.169,18.033,True,-10.648,-4.63,-6.019,-5.093,26.852
reverse,stock,SLRX,,,,missing (delisted since),2025-08-18,15,1,1:15,2025-08-15,0.4618,2.01,-4.547,-16.036,-7.64,-3.566,True,-15.269,-18.563,-20.359,-15.868,-25.599
reverse,stock,LNZA,,"LanzaTech Global, Inc. Common Stock",NASDAQ,present,2025-08-19,100,1,1:100,2025-08-18,0.2201,-15.314,-41.181,-45.479,-35.924,-10.404,True,18.053,10.091,12.677,9.533,1.166
reverse,stock,GIBO,,GIBO Holdings Limited Class A Ordinary Shares,NASDAQ,present,2025-08-20,200,1,1:200,2025-08-19,0.0222,-13.953,-26.49,-42.487,-43.939,-12.613,True,-6.186,-16.753,-11.34,-13.66,-34.278
reverse,stock,AZTR,,Azitra Inc,AMEX,present,2025-08-21,6.66,1,1:6.66,2025-08-20,0.135,-5.197,-6.897,-15.361,-11.707,5.661,True,-2.811,-21.147,-20.211,3.158,-9.611
reverse,stock,OESX,,"Orion Energy Systems, Inc. Common Stock",NASDAQ,present,2025-08-22,10,1,1:10,2025-08-21,0.5951,-1.08,-5.6,-4.047,-5.987,4.352,True,18.519,17.713,11.594,11.594,18.841
reverse,stock,ZNB,,Zeta Network Group Class A Ordinary Shares,NASDAQ,present,2025-08-22,25,1,1:25,2025-08-21,0.0605,-17.123,-51.522,-32.553,-57.869,32.231,True,-12.5,-12.5,-25.0,-32.0,-15.5
reverse,stock,BCTX,,BriaCell Therapeutics Corp. Common Shares,NASDAQ,present,2025-08-25,10,1,1:10,2025-08-22,0.6979,6.566,1.101,-3.016,-5.689,7.322,True,9.613,1.469,-2.537,13.084,6.409
reverse,stock,FRSX,,Foresight Autonomous Holdings Ltd. American Depositary Shares,NASDAQ,present,2025-08-25,7,1,1:7,2025-08-22,0.36,12.535,11.421,10.362,-7.621,0.794,True,-5.906,-5.906,-5.118,-9.843,-3.937
reverse,stock,GTI,,,,missing (delisted since),2025-08-25,60,1,1:60,2025-08-22,0.0887,-4.828,-1.004,-3.482,-3.796,-9.996,True,-8.559,-17.432,-19.207,-27.349,-33.82
reverse,stock,GWAV,,"Greenwave Technology Solutions, Inc. Common Stock",NASDAQ,present,2025-08-25,110,1,1:110,2025-08-22,0.078,-13.525,-52.927,-54.009,-57.746,9.091,True,-12.553,-17.201,-23.825,-33.12,-33.066
reverse,stock,OP,,,,missing (delisted since),2025-08-25,25,1,1:25,2025-08-22,0.0652,-19.107,-36.078,-26.244,-34.865,-6.135,True,1.961,3.268,-5.229,-24.837,-22.222
reverse,stock,QH,,Quhuo Limited Class A Ordinary Shares,NASDAQ,present,2025-08-25,90,1,1:90,2025-08-22,0.0601,-3.065,-42.044,-42.707,-46.72,0.573,True,-6.25,-15.625,-15.074,-8.64,7.353
reverse,stock,SUGP,,SU Group Holdings Limited Class A Ordinary Shares,NASDAQ,present,2025-08-25,10,1,1:10,2025-08-22,0.4353,7.748,-24.948,-24.974,-28.522,19.917,True,7.28,15.326,28.927,15.709,18.391
reverse,stock,AKAN,,Akanda Corp. Common Shares,NASDAQ,present,2025-08-26,3.125,1,1:3.125,2025-08-25,1.21,-3.968,-7.634,-7.634,-9.701,15.306,True,-10.092,-7.569,-16.055,-16.743,-25.0
reverse,stock,CMMB,,Chemomab Therapeutics Ltd. American Depositary Share,NASDAQ,present,2025-08-26,4,1,1:4,2025-08-25,0.8699,-2.258,-1.706,-5.24,-7.457,-2.288,True,2.353,0.294,-7.647,-11.176,-12.059
reverse,stock,USAS,,Americas Gold and Silver Corporation,AMEX,present,2025-08-26,2.5,1,1:2.5,2025-08-25,0.9752,-4.392,8.536,11.694,1.583,-0.328,True,-1.235,5.761,12.346,16.049,12.757
reverse,stock,DRIO,,DarioHealth Corp. Common Stock,NASDAQ,present,2025-08-28,20,1,1:20,2025-08-27,0.4805,-8.267,-12.636,-15.717,11.124,5.931,True,-6.582,-10.118,-7.564,-5.697,-30.157
reverse,stock,GDHG,,Golden Heaven Group Holdings Ltd. Class A Ordinary Shares,NASDAQ,present,2025-08-28,15,1,1:15,2025-08-27,0.48,25.49,12.071,20.09,29.66,3.333,True,9.005,5.04,5.108,0.941,1.613
reverse,stock,EAF,,GrafTech International Ltd.,NYSE,present,2025-08-29,10,1,1:10,2025-08-28,1.01,1.497,0.0,1.0,7.413,-2.178,True,-2.834,-7.591,-6.478,-10.121,6.174
reverse,stock,SEGG,,Sports Entertainment Gaming Global Corporation Common Stock,NASDAQ,present,2025-08-29,10,1,1:10,2025-08-28,0.5973,-5.491,-20.466,-16.984,-17.329,-16.29,True,11.4,26.2,23.0,16.0,9.3
reverse,stock,TC,,Token Cat Limited American Depositary Shares,NASDAQ,present,2025-08-29,20,1,1:20,2025-08-28,0.6151,-0.324,16.32,11.391,11.836,6.729,True,-3.45,-3.73,-5.33,-8.757,6.628
reverse,etf,CTEC,,Global X Funds Global X ClimateTech ETF,NASDAQ,present,2025-09-02,5,1,1:5,2025-08-29,8.7449,-1.129,-0.062,-1.132,-0.964,-2.382,True,1.039,1.505,4.915,3.152,9.621
reverse,stock,ELAB,,PMGC Holdings Inc. Common Stock,NASDAQ,present,2025-09-02,3.5,1,1:3.5,2025-08-29,1.62,-13.369,-18.593,-20.197,-31.646,-17.813,True,3.863,-6.438,-2.79,-5.579,22.318
reverse,etf,GNOM,,Global X Funds Global X Genomics & Biotechnology ETF,NASDAQ,present,2025-09-02,4,1,1:4,2025-08-29,9.1846,-0.276,-0.486,-0.384,-1.727,0.74,True,0.268,0.198,2.647,0.753,-0.076
reverse,etf,HEAL,,Global X Funds Global X HealthTech ETF,NASDAQ,present,2025-09-02,3,1,1:3,2025-08-29,10.51,-0.237,-0.615,-0.048,-1.5,-0.793,True,0.144,1.452,2.305,4.14,2.637
reverse,etf,KROP,,Global X Funds Global X AgTech & Food Innovation ETF,NASDAQ,present,2025-09-02,3,1,1:3,2025-08-29,10.6948,-1.097,-1.476,-1.43,-1.834,-1.167,True,-0.599,-0.027,0.42,0.915,0.271
reverse,stock,LCID,,"Lucid Group, Inc. Common Stock",NASDAQ,present,2025-09-02,10,1,1:10,2025-08-29,1.98,-4.348,-4.808,-6.161,-2.463,-10.808,True,-4.955,-8.494,4.247,9.796,11.665
reverse,etf,RNRG,,Global X Funds Global X Renewable Energy Producers ETF,NASDAQ,present,2025-09-02,3,1,1:3,2025-08-29,10.19,-0.245,0.295,1.232,0.197,-1.832,True,0.467,0.772,2.732,2.049,3.961
reverse,stock,TNFA,,,,missing (delisted since),2025-09-02,100,1,1:100,2025-08-29,0.0483,-21.591,-46.333,-37.997,-22.72,-21.325,True,-8.421,-5.0,-13.158,-5.526,3.947
reverse,stock,ABTC,,American Bitcoin Corp. Class A Common Stock,NASDAQ,present,2025-09-03,5,1,1:5,2025-09-02,1.38,-10.098,-19.767,14.05,-1.429,16.522,True,-20.274,-7.96,3.731,10.323,-4.229
reverse,etf,BNDD,,Quadratic Deflation ETF,ARCA,present,2025-09-05,8,1,1:8,2025-09-04,12.0932,0.693,1.73,1.177,0.785,1.591,True,1.319,0.979,1.417,2.145,0.881
reverse,stock,CNF,,"CNFinance Holdings Limited American Depositary Shares, each representing two hundred (200) Ordinary Shares",NYSE,present,2025-09-05,10,1,1:10,2025-09-04,0.24,-20.687,-39.547,-41.463,-51.942,94.167,False,,,,,
reverse,stock,KITT,,"Nauticus Robotics, Inc. Common stock",NASDAQ,present,2025-09-05,9,1,1:9,2025-09-04,0.5319,1.488,-18.182,-41.207,-45.345,-8.295,True,-14.351,-17.54,-23.007,-23.918,-23.918
reverse,stock,TIRX,,,,missing (delisted since),2025-09-05,5,1,1:5,2025-09-04,0.452,-11.373,-23.129,-23.545,-28.819,10.177,True,8.434,34.94,32.932,28.514,-15.261
reverse,stock,GLXG,,Galaxy Payroll Group Limited Class A Ordinary Shares,NASDAQ,present,2025-09-08,10,1,1:10,2025-09-05,0.3632,-9.809,-26.448,-27.36,-26.626,10.958,True,24.566,40.199,45.533,53.35,52.357
reverse,stock,GP,,GreenPower Motor Company Inc. Common Shares,NASDAQ,present,2025-09-08,10,1,1:10,2025-09-05,0.2348,-7.668,-20.353,-24.258,-30.737,34.157,True,12.698,0.317,15.238,1.587,15.556
forward,stock,HDB,,HDFC Bank Limited,NYSE,present,2025-09-08,1,2,2:1,2025-09-05,70.6,-0.057,-0.028,1.016,-0.731,0.227,True,-1.074,-0.452,0.028,-0.848,-0.904
reverse,stock,OXLC,,Oxford Lane Capital Corp. Common Stock,NASDAQ,present,2025-09-08,5,1,1:5,2025-09-05,3.64,-0.817,-1.355,-1.355,-2.933,-2.473,True,-4.282,-1.296,-0.169,-0.113,-2.93
reverse,stock,SDST,,Stardust Power Inc. Common Stock,NASDAQ,present,2025-09-08,10,1,1:10,2025-09-05,0.3007,-3.219,-22.4,-22.6,-24.825,-2.561,True,-4.778,-7.85,-2.73,-7.167,-7.85
reverse,stock,SGBX,,,,missing (delisted since),2025-09-08,64,1,1:64,2025-09-05,0.1287,-3.668,-25.564,-26.457,-29.402,-7.124,True,-2.222,6.536,32.418,9.673,21.569
reverse,stock,WAI,,,,missing (delisted since),2025-09-08,25,1,1:25,2025-09-05,0.116,-7.937,-24.282,-27.409,-38.462,-17.931,True,16.387,14.286,25.63,28.151,49.16
forward,stock,DGNX,,Diginex Limited Ordinary Shares,NASDAQ,present,2025-09-09,1,8,8:1,2025-09-08,64.54,-0.997,0.938,11.43,6.678,-0.837,True,32.125,10.0,17.5,25.0,90.0
reverse,stock,STKH,,Steakholder Foods Ltd. American Depositary Shares,NASDAQ,present,2025-09-10,8,1,1:8,2025-09-09,0.533,-8.435,-17.899,-19.958,-29.868,15.619,True,9.026,0.406,0.609,-0.811,-13.183
reverse,stock,BDSX,,"Biodesix, Inc. Common Stock",NASDAQ,present,2025-09-15,20,1,1:20,2025-09-12,0.3751,-9.177,-28.087,-19.194,-13.83,1.306,True,-13.684,-18.289,-11.447,-5.921,1.842
reverse,stock,CLSD,,,,missing (delisted since),2025-09-15,15,1,1:15,2025-09-12,0.3195,-8.11,-3.736,-5.669,-7.659,-17.58,True,-9.62,-8.608,-1.519,11.139,6.329
reverse,stock,LFLY,LFLYD,,,missing (delisted since),2025-09-15,500,1,1:500,2025-09-12,0.567,0.0,0.0,0.0,0.0,,,,,,,
reverse,stock,SDOT,,Sadot Group Inc. Common Stock,NASDAQ,present,2025-09-15,10,1,1:10,2025-09-12,0.7276,-8.247,-24.311,-32.63,-19.602,13.386,True,-5.212,-7.879,-5.697,-14.788,-29.333
reverse,stock,NXTT,,Next Technology Holding Inc. Ordinary Shares,NASDAQ,present,2025-09-16,200,1,1:200,2025-09-15,0.144,-4.762,-59.437,-20.0,-4.573,-17.639,True,-6.155,-5.185,-3.162,-3.162,4.975
forward,stock,REX,,REX American Resources Corp.,NYSE,present,2025-09-16,1,2,2:1,2025-09-15,61.1,0.444,-1.021,0.23,-1.452,-0.295,True,-1.248,1.116,0.23,0.427,0.525
reverse,stock,VCIG,,VCI Global Limited Ordinary Share,NASDAQ,present,2025-09-16,30,1,1:30,2025-09-15,0.39,-12.379,-49.871,-51.25,-48.0,-14.53,True,17.5,0.0,2.2,-14.0,-36.7
reverse,stock,SQNS,,Sequans Communications S.A. American Depositary Shares (each representing one hundred (100) Ordinary Shares),NYSE,present,2025-09-17,10,1,1:10,2025-09-16,0.96,-0.239,-3.421,-1.861,9.84,-1.146,True,8.851,3.688,5.163,-0.948,3.056
reverse,stock,ATHA,,,,missing (delisted since),2025-09-18,10,1,1:10,2025-09-17,0.378,-0.969,-1.588,5.0,-0.787,1.323,True,1.044,0.783,9.922,-0.522,8.616
reverse,stock,ECDA,,,,missing (delisted since),2025-09-18,40,1,1:40,2025-09-17,0.0979,0.928,-2.973,-28.54,-13.82,10.317,True,-7.407,-18.981,-12.037,-13.889,-12.731
reverse,stock,BIAF,,"bioAffinity Technologies, Inc. Common Stock",NASDAQ,present,2025-09-19,30,1,1:30,2025-09-18,0.1691,-7.393,-35.211,-51.741,-33.66,-1.833,True,3.815,-2.209,-13.855,6.225,-47.59
reverse,stock,VOR,,Vor Biopharma Inc. Common Stock,NASDAQ,present,2025-09-19,20,1,1:20,2025-09-18,1.52,0.0,-3.185,-5.0,-16.253,-10.395,True,2.551,14.831,27.349,23.421,37.518
reverse,stock,GMRE,,,,missing (delisted since),2025-09-22,5,1,1:5,2025-09-19,7.53,-2.587,-0.921,-1.181,-1.697,0.797,True,-4.954,-11.542,-11.673,-13.36,-15.916
reverse,etf,LFAI,,LifeX 2050 Longevity Income ETF,BATS,present,2025-09-22,1,0.76923077,0.76923077:1,2025-09-19,127.9433,-0.081,-0.596,-0.811,-0.523,-0.177,True,0.346,-5.67,-5.75,-5.407,-6.139
reverse,etf,LFAO,,LifeX 2055 Longevity Income ETF,BATS,present,2025-09-22,12,10,10:12,2025-09-19,148.5925,-0.078,-0.658,-0.156,-0.156,-0.194,True,0.365,-4.142,-4.235,-4.278,-4.582
reverse,etf,LFAW,,LifeX 2060 Longevity Income ETF,BATS,present,2025-09-22,11,10,10:11,2025-09-19,165.7338,-0.096,-1.002,-1.002,-0.562,-0.223,True,0.416,0.416,0.416,-0.056,-0.363
reverse,etf,LFBE,,LifeX 2065 Longevity Income ETF,BATS,present,2025-09-22,1,0.90909091,0.90909091:1,2025-09-19,179.2429,-0.146,-0.146,-0.146,-0.146,-0.379,True,0.592,-2.325,-2.297,-1.74,-2.704
reverse,etf,LFDR,,LifeX Durable Income ETF,BATS,present,2025-09-22,1,0.90909091,0.90909091:1,2025-09-19,179.1712,-0.107,-0.913,-1.156,-0.783,-0.256,True,0.49,-2.376,-2.376,-1.807,-2.751
reverse,etf,LIAE,,LifeX 2050 Inflation-Protected Longevity Income ETF,BATS,present,2025-09-22,1,0.76923077,0.76923077:1,2025-09-19,172.7913,-0.101,-0.593,-0.655,-0.205,-0.41,True,0.436,-3.859,-3.96,-3.759,-4.525
reverse,etf,LIAM,,LifeX 2055 Inflation-Protected Longevity Income ETF,BATS,present,2025-09-22,1,0.83333333,0.83333333:1,2025-09-19,207.3935,-0.106,-0.669,-0.727,-0.466,-0.442,True,0.466,0.466,0.466,-1.404,-2.233
reverse,etf,LIAU,,LifeX 2060 Inflation-Protected Longevity Income ETF,BATS,present,2025-09-22,12,10,10:12,2025-09-19,237.3329,-0.125,0.326,0.326,0.326,-0.479,True,0.514,-4.611,-4.72,-4.445,-5.289
reverse,etf,LIBD,,LifeX 2065 Inflation-Protected Longevity Income ETF,BATS,present,2025-09-22,1,0.83333333,0.83333333:1,2025-09-19,257.9935,-0.119,-0.598,-0.598,-0.598,-0.584,True,0.63,-6.691,-6.732,-6.378,-7.265
reverse,stock,NITO,,,,missing (delisted since),2025-09-22,35,1,1:35,2025-09-19,0.1482,-7.664,-26.269,-27.672,-29.057,7.577,True,2.151,-2.867,-1.434,-31.362,-24.731
reverse,stock,FTEL,,,,missing (delisted since),2025-09-23,16,1,1:16,2025-09-22,0.481,2.646,-1.232,4.52,-11.727,9.927,True,-21.395,-26.123,-30.733,-36.879,-40.662
forward,stock,NRIM,,Northrim BanCorp Inc Common Stock,NASDAQ,present,2025-09-23,1,4,4:1,2025-09-22,90.8,-0.264,-2.05,1.475,0.365,-0.264,True,-0.353,-1.193,-2.385,-4.329,-4.947
reverse,stock,WHLR,,"Wheeler Real Estate Investment Trust, Inc. Common Stock",NASDAQ,present,2025-09-23,5,1,1:5,2025-09-22,1.36,-6.849,-11.688,-34.615,-28.421,-1.912,True,-0.9,4.198,-0.75,-6.147,-28.186
reverse,stock,MNDR,,Mobile-health Network Solutions Class A Ordinary Shares,NASDAQ,present,2025-09-25,5,1,1:5,2025-09-24,0.6929,-6.022,-8.865,-10.362,-11.075,17.91,True,-1.102,-9.18,4.284,-5.263,-5.018
reverse,stock,IBG,,Innovation Beverage Group Limited Ordinary Shares,NASDAQ,present,2025-09-26,5,1,1:5,2025-09-25,0.5765,-19.596,-23.834,56.191,72.605,-17.086,True,31.799,83.682,57.322,39.749,24.268
reverse,stock,LVO,,"LiveOne, Inc. Common Stock",NASDAQ,present,2025-09-26,10,1,1:10,2025-09-25,0.4534,-2.369,-8.404,-10.289,-13.324,6.308,True,-6.639,-14.315,-11.203,-10.996,-17.427
reverse,stock,CETX,,Cemtrex Inc. Common Stock,NASDAQ,present,2025-09-29,15,1,1:15,2025-09-26,0.3901,-5.887,-37.922,-38.489,-41.188,-5.665,True,2.536,4.529,-4.167,-0.181,-3.986
reverse,etf,EDZ,,Direxion Daily MSCI Emerging Markets Bear 3X ETF,ARCA,present,2025-09-29,10,1,1:10,2025-09-26,4.18,0.966,2.703,3.465,1.211,-2.943,True,-1.257,-3.328,-4.342,-6.68,-2.711
reverse,etf,FAZ,,Direxion Daily Financial Bear 3x ETF,ARCA,present,2025-09-29,10,1,1:10,2025-09-26,4.05,-1.937,-0.978,-0.246,0.248,-1.309,True,1.176,4.203,4.228,2.402,8.907
reverse,etf,LABD,,Direxion Daily S&P Biotech Bear 3X ETF,ARCA,present,2025-09-29,10,1,1:10,2025-09-26,4.34,-6.061,-1.81,-3.556,-7.856,-4.424,True,-2.507,-5.738,-9.113,-11.909,-16.008
reverse,stock,LESL,,"Leslie's, Inc. Common Stock",NASDAQ,present,2025-09-29,20,1,1:20,2025-09-26,0.3048,-6.215,-10.327,-3.177,8.547,9.252,True,-17.417,-8.859,-16.366,-32.132,-34.384
reverse,etf,NVDD,,Direxion Shares ETF Trust Direxion Daily NVDA Bear 1X ETF,NASDAQ,present,2025-09-29,10,1,1:10,2025-09-26,4.1,-0.243,-0.726,0.0,-1.914,-1.976,True,-2.563,-2.861,-3.732,-1.891,-3.608
reverse,stock,ORKT,,Orangekloud Technology Inc. Class A Ordinary Shares,NASDAQ,present,2025-09-29,4,1,1:4,2025-09-26,0.5801,-4.839,-8.212,-4.917,-4.933,0.758,True,-11.484,-15.312,-16.595,-5.902,-18.734
reverse,etf,SPXS,,Direxion Daily S&P 500 Bear 3x ETF,ARCA,present,2025-09-29,10,1,1:10,2025-09-26,3.87,-1.527,0.0,0.781,0.259,-0.775,True,-1.068,-2.109,-2.344,-3.229,0.26
reverse,stock,POAI,,,,missing (delisted since),2025-09-30,15,1,1:15,2025-09-29,1.2,54.819,26.276,1.695,2.564,-21.0,True,-3.797,-0.844,0.738,0.281,-4.501
reverse,stock,RAYA,,Erayak Power Solution Group Inc. Class A Ordinary Shares,NASDAQ,present,2025-09-30,220,1,1:220,2025-09-29,0.0391,-15.184,-17.857,-45.007,-41.467,-52.453,False,,,,,
reverse,stock,RENB,,,,missing (delisted since),2025-09-30,10,1,1:10,2025-09-29,0.1266,-2.69,-9.957,-26.651,-21.707,12.164,True,,,,,
reverse,stock,YAAS,,Youxin Technology Ltd Class A Ordinary shares,NASDAQ,present,2025-09-30,80,1,1:80,2025-09-29,0.0451,-32.887,-53.744,-57.533,-46.117,-12.694,True,-16.19,-18.73,-18.095,-12.698,-10.794
reverse,stock,YHGJ,,Yunhong Green CTI Ltd. Common Stock,NASDAQ,present,2025-10-01,10,1,1:10,2025-09-30,0.4513,-10.118,-14.945,-20.685,-16.734,16.552,True,16.92,9.624,12.167,11.027,3.042
reverse,stock,CETY,,"Clean Energy Technologies, Inc. Common Stock",NASDAQ,present,2025-10-06,15,1,1:15,2025-10-03,0.1832,-5.421,-7.94,-35.674,-35.674,-4.294,True,-7.224,-0.38,0.38,4.563,-6.274
reverse,stock,GGR,,Gogoro Inc. Ordinary Shares,NASDAQ,present,2025-10-06,20,1,1:20,2025-10-03,0.3,0.0,0.167,-0.1,-3.257,1.167,True,-3.624,-12.356,-15.157,-26.359,-28.089
reverse,stock,NVNI,,Nvni Group Limited Ordinary Shares,NASDAQ,present,2025-10-06,10,1,1:10,2025-10-03,0.3131,-11.353,-58.069,-62.277,-78.407,0.287,True,11.783,6.369,5.732,16.561,33.758
reverse,stock,PMAX,,Powell Max Limited Class A Ordinary Shares,NASDAQ,present,2025-10-06,8,1,1:8,2025-10-03,0.2883,8.14,3.333,3.593,3.37,29.639,True,-1.672,1.171,-5.017,25.418,-0.334
reverse,stock,SYTA,CHAI,,,missing (delisted since),2025-10-07,4,1,1:4,2025-10-06,3.07,-4.658,31.197,32.9,32.328,,,,,,,
reverse,stock,NCL,,,,missing (delisted since),2025-10-08,8,1,1:8,2025-10-07,0.1254,4.937,-1.26,-3.908,-2.791,-7.197,True,-7.691,-11.944,-17.089,-20.516,-32.342
forward,stock,BN,,Brookfield Corporation,NYSE,present,2025-10-10,2,3,3:2,2025-10-09,67.49,-0.808,-0.31,-0.867,-0.983,-4.364,True,4.113,5.368,5.299,3.323,7.344
forward,stock,BNT,,Brookfield Wealth Solutions Ltd.,NYSE,present,2025-10-10,2,3,3:2,2025-10-09,67.54,-0.764,-0.133,-0.618,-1.011,-4.235,True,3.85,4.754,4.777,3.131,7.12
reverse,stock,CLIK,,Click Holdings Limited Class A Ordinary Share,NASDAQ,present,2025-10-10,30,1,1:30,2025-10-09,0.2798,-1.305,2.08,-11.175,-4.538,-9.936,True,17.063,-0.397,-1.587,-7.209,-17.857
reverse,stock,MOVE,,"Corvex, Inc. Common Stock",NASDAQ,present,2025-10-10,10,1,1:10,2025-10-09,0.649,-4.839,-3.966,-5.942,3.311,1.233,True,6.24,7.839,9.437,13.546,5.479
reverse,stock,CDT,,CDT Equity Inc. Common Stock,NASDAQ,present,2025-10-13,8,1,1:8,2025-10-10,0.4904,-24.438,-33.442,-36.204,-27.38,3.487,True,-6.65,2.956,-9.606,-18.966,-24.384
reverse,stock,JYD,,Jayud Global Logistics Limited Class A Ordinary Shares,NASDAQ,present,2025-10-13,50,1,1:50,2025-10-10,0.1333,-2.057,-1.259,-2.701,-7.366,-12.978,True,13.103,0.0,-12.586,-8.103,-15.69
reverse,stock,LGCL,,Lucas GC Limited Class A Ordinary Shares,NASDAQ,present,2025-10-13,40,1,1:40,2025-10-10,0.0955,-17.672,-38.347,-37.047,-38.625,6.021,True,-5.926,-9.136,-14.074,-22.716,-29.136
reverse,stock,LPSN,,"LivePerson, Inc. Common Stock",NASDAQ,present,2025-10-13,15,1,1:15,2025-10-10,0.4069,-6.179,-25.064,-24.774,-20.247,-5.3,True,13.495,0.0,1.211,6.228,13.322
reverse,stock,PSIG,,PS International Group Ltd. Ordinary Shares,NASDAQ,present,2025-10-13,8,1,1:8,2025-10-10,0.458,4.067,-0.651,-6.512,-7.736,29.64,True,-16.842,-12.211,-12.211,-15.158,-13.674
reverse,stock,AEMD,,"Aethlon Medical, Inc. Common Stock",NASDAQ,present,2025-10-16,10,1,1:10,2025-10-15,0.6992,-0.114,3.585,0.866,-7.696,-92.098,False,,,,,
reverse,stock,AEMD,,"Aethlon Medical, Inc. Common Stock",NASDAQ,present,2025-10-20,10,1,1:10,2025-10-17,0.5432,-1.683,-22.311,-22.4,-21.639,1.436,True,-8.893,-11.978,-4.9,-5.626,-10.708
reverse,stock,COSM,,Cosmos Health Inc. Common Stock,NASDAQ,present,2025-10-20,20,1,1:20,2025-10-17,1.035,-5.046,-17.2,-5.479,-3.271,-94.976,False,,,,,
reverse,stock,ETHZ,,,,missing (delisted since),2025-10-20,10,1,1:10,2025-10-17,1.68,0.599,-8.197,-12.5,-15.152,1.905,True,-4.439,-8.645,-10.28,20.619,1.051
reverse,stock,SENS,,"Senseonics Holdings, Inc. Common Stock",NASDAQ,present,2025-10-20,20,1,1:20,2025-10-17,0.408,-3.614,-7.901,-7.273,-2.857,3.799,True,-9.917,-18.182,-13.223,-12.161,-18.772
forward,etf,APPX,,Investment Managers Series Trust II Tradr 2X Long APP Daily ETF,NASDAQ,present,2025-10-21,1,3,3:1,2025-10-20,87.24,-11.314,-13.116,-12.198,-8.678,-4.64,True,4.505,13.665,25.277,27.729,19.471
reverse,stock,GNPX,,"Genprex, Inc. Common Stock",NASDAQ,present,2025-10-21,50,1,1:50,2025-10-20,0.28,-22.844,-41.115,-66.667,44.33,-17.857,True,-4.696,-20.348,-16.435,-39.217,-59.13
reverse,etf,NVDS,,Investment Managers Series Trust II Tradr 1.5X Short NVDA Daily ETF,NASDAQ,present,2025-10-21,3,1,1:3,2025-10-20,11.35,0.621,-0.613,-2.155,4.512,1.204,True,0.725,-0.813,-4.063,-14.887,-13.871
forward,etf,QBTX,,Tradr 2X Long QBTS Daily ETF,BATS,present,2025-10-21,1,3,3:1,2025-10-20,269.74,-20.716,-29.857,-43.185,-31.467,-12.872,True,-30.266,-11.284,-2.081,-5.08,-22.568
forward,etf,RGTU,,Tradr 2X Long RGTI Daily ETF,BATS,present,2025-10-21,1,3,3:1,2025-10-20,257.7,-13.32,-19.72,-43.591,-41.097,-14.796,True,-20.29,-3.867,-7.788,-14.592,-29.348
reverse,etf,TSLQ,,Investment Managers Series Trust II Tradr 2X Short TSLA Daily ETF,NASDAQ,present,2025-10-21,3,1,1:3,2025-10-20,7.61,-3.549,-8.313,-5.466,-5.348,2.102,True,1.888,-2.831,3.775,-8.494,-3.518
reverse,stock,WOK,,WORK Medical Technology Group LTD Class A Ordinary Shares,NASDAQ,present,2025-10-21,100,1,1:100,2025-10-20,0.0359,-10.025,-38.737,-37.782,-53.797,9.192,True,25.0,9.694,-15.816,-11.48,-6.888
reverse,etf,GDXD,,MicroSectors Gold Miners -3x Inverse Leveraged ETN,ARCA,present,2025-10-22,20,1,1:20,2025-10-21,0.8629,28.695,19.615,43.817,13.599,0.012,True,-3.244,0.637,12.63,6.547,8.691
reverse,etf,IAF,,"abrdn Australia Equity Fund, Inc.",AMEX,present,2025-10-22,3,1,1:3,2025-10-21,4.56,-0.437,0.869,0.441,3.872,-66.594,False,,,,,
reverse,etf,IAF,,"abrdn Australia Equity Fund, Inc.",AMEX,present,2025-10-23,3,1,1:3,2025-10-22,4.57,0.219,-0.218,1.091,1.782,-1.896,True,0.037,1.561,2.188,1.19,-0.892
reverse,stock,SMX,,SMX (Security Matters) Public Limited Company Ordinary Shares,NASDAQ,present,2025-10-23,10.89958,1,1:10.89958,2025-10-22,0.866,11.011,-25.345,-25.345,-27.833,-19.589,True,-9.881,-23.057,-44.005,-67.984,-74.177
reverse,stock,CYCU,,"Cycurion, Inc. Common Stock",NASDAQ,present,2025-10-27,30,1,1:30,2025-10-24,0.16,-3.265,-8.728,-5.66,-43.06,-17.292,True,-2.771,6.549,-11.587,-23.678,-33.501
reverse,stock,GURE,,"Gulf Resources, Inc. (NV) Common Stock",NASDAQ,present,2025-10-27,10,1,1:10,2025-10-24,0.5261,4.592,0.535,2.056,-4.519,-0.209,True,-0.571,-5.714,0.952,-8.952,-28.571
reverse,stock,IPW,,iPower Inc. Common Stock,NASDAQ,present,2025-10-27,30,1,1:30,2025-10-24,0.6765,-2.732,13.889,18.997,24.7,11.504,True,28.592,2.564,-26.999,-49.712,-55.192
reverse,stock,SONM,,"DNA X, Inc. Common Stock",NASDAQ,present,2025-10-27,18,1,1:18,2025-10-24,0.7042,0.399,0.128,0.485,-12.954,-10.299,True,-0.529,-1.364,-2.2,0.791,-1.76
reverse,stock,YYAI,,AiRWA Inc. Common Stock,NASDAQ,present,2025-10-27,50,1,1:50,2025-10-24,0.0794,-14.989,-58.012,-1.854,-34.38,-10.327,True,-22.191,-29.213,-32.022,-51.685,-64.045
reverse,stock,ENVB,,"Enveric Biosciences, Inc. Common Stock",NASDAQ,present,2025-10-28,12,1,1:12,2025-10-27,0.6147,-2.118,0.392,-7.896,-13.811,-3.476,True,-5.899,-13.904,-19.944,-19.944,-16.573
reverse,stock,ETQ,,,,missing (delisted since),2025-10-29,20,1,1:20,2025-10-28,1.59,7.071,-7.289,-10.924,-4.505,7.296,True,10.375,-1.348,13.54,16.999,16.823
forward,stock,LINK,,"Interlink Electronics, Inc. Common Stock",NASDAQ,present,2025-10-29,2,3,3:2,2025-10-28,9.38,-4.868,-4.188,-6.012,0.536,0.267,True,3.03,0.478,-1.754,-16.268,-14.833
forward,stock,NVA,,Nova Minerals Corp,AMEX,present,2025-10-29,1,5,5:1,2025-10-28,30.53,0.362,-4.474,-10.417,-11.043,8.745,True,10.994,34.488,3.614,-0.151,67.62
reverse,etf,NVDQ,,T-Rex 2X Inverse NVIDIA Daily Target ETF,BATS,present,2025-10-29,20,1,1:20,2025-10-28,0.7753,-9.849,-14.989,-18.757,-19.29,-6.165,True,3.986,4.536,-0.206,11.546,11.271
reverse,etf,TSLZ,,T-Rex 2X Inverse Tesla Daily Target ETF,BATS,present,2025-10-29,20,1,1:20,2025-10-28,0.63,-3.758,-11.268,-6.11,-8.59,-0.317,True,9.475,1.274,-3.981,-2.707,10.748
reverse,stock,NLSP,,,,missing (delisted since),2025-10-31,10,1,1:10,2025-10-30,0.762,2.973,-27.429,-38.548,-42.273,,,,,,,
reverse,stock,ABP,,,,missing (delisted since),2025-11-03,30,1,1:30,2025-10-31,0.1822,-7.041,-9.172,-9.98,-8.9,-3.586,True,1.139,5.313,6.546,10.436,10.816
reverse,stock,CJET,,,,missing (delisted since),2025-11-03,100,1,1:100,2025-10-31,0.0492,-9.392,-18.408,-50.947,-57.143,-22.154,True,-17.493,-19.321,-24.804,-33.616,-36.292
reverse,stock,RETO,,"ReTo Eco-Solutions, Inc. Class A Shares",NASDAQ,present,2025-11-03,5,1,1:5,2025-10-31,0.73,-18.143,-28.431,-28.431,-29.126,-5.479,True,-8.986,-12.464,-18.551,-13.043,-18.551
reverse,stock,FLYE,,"Fly-E Group, Inc. Common Stock",NASDAQ,present,2025-11-04,20,1,1:20,2025-11-03,0.5,-0.892,-53.271,-46.237,-28.428,-28.6,True,-20.154,-18.207,-23.249,-24.23,-42.717
reverse,stock,IPST,,"IP Strategy Holdings, Inc. Common Stock",NASDAQ,present,2025-11-05,20,1,1:20,2025-11-04,0.5005,-2.816,-14.298,-3.676,-20.48,-16.184,True,-0.715,15.733,34.684,74.613,13.588
reverse,stock,RAY,,Raytech Holding Limited Ordinary Shares,NASDAQ,present,2025-11-07,16,1,1:16,2025-11-06,0.1955,-5.005,-10.853,-10.198,10.079,-16.081,True,2.476,-10.476,-6.286,-11.619,-36.762
reverse,stock,IOTR,,iOThree Limited Ordinary Shares,NASDAQ,present,2025-11-10,10,1,1:10,2025-11-07,0.2903,4.013,0.45,0.485,-5.655,28.488,True,-13.405,-16.086,-20.912,-15.818,-15.282
reverse,stock,LXP,,LXP Industrial Trust,NYSE,present,2025-11-11,5,1,1:5,2025-11-10,9.49,-1.351,0.0,-1.963,-0.524,0.927,True,-5.032,-4.469,-3.926,-3.341,1.065
reverse,stock,YGMZ,,,,missing (delisted since),2025-11-12,16,1,1:16,2025-11-11,0.0871,-17.985,-40.789,-51.611,-33.0,9.07,True,-17.763,-17.105,-23.684,-24.342,-91.908
reverse,stock,NCEW,,New Century Logistics (BVI) Limited Ordinary Shares,NASDAQ,present,2025-11-14,8,1,1:8,2025-11-13,0.3942,-8.326,-10.389,-12.4,-22.691,-4.554,True,11.96,14.95,17.608,19.601,15.282
reverse,stock,YDKG,,Yueda Digital Holding Class A Ordinary Share,NASDAQ,present,2025-11-14,100,1,1:100,2025-11-13,0.02,-18.033,-24.242,-38.272,-60.784,-15.0,True,-12.941,-19.412,-15.294,-24.706,5.294
reverse,stock,EPWK,,,,missing (delisted since),2025-11-17,40,1,1:40,2025-11-14,0.047,16.625,-27.803,-28.788,-35.88,-10.638,True,-17.857,2.976,-3.571,-14.286,-16.667
forward,stock,NFLX,,"Netflix, Inc. Common Stock",NASDAQ,present,2025-11-17,1,10,10:1,2025-11-14,1112.17,-3.644,-3.916,-2.136,0.771,-0.834,True,3.445,-0.263,-4.189,-3.01,-0.852
reverse,stock,SMX,,SMX (Security Matters) Public Limited Company Ordinary Shares,NASDAQ,present,2025-11-18,8,1,1:8,2025-11-17,1.05,-24.46,-37.5,-36.364,-34.783,-37.143,True,-3.409,-19.697,-11.553,11.932,1007.765
reverse,etf,BZQ,,ProShares UltraShort MSCI Brazil Capped,ARCA,present,2025-11-20,2,1,1:2,2025-11-19,8.12,1.184,1.563,4.103,4.25,3.941,True,-1.066,-1.836,-3.791,-9.953,-5.095
forward,etf,DDM,,ProShares Ultra Dow30,ARCA,present,2025-11-20,1,2,2:1,2025-11-19,105.28,0.133,-2.01,-4.352,-8.722,-1.615,True,2.278,2.974,6.024,8.67,9.751
reverse,etf,EEV,,ProShares Trust UltraShort MSCI Emerging Markets,ARCA,present,2025-11-20,2,1,1:2,2025-11-19,10.0362,0.639,1.478,4.009,6.398,2.878,True,0.134,-2.004,-2.47,-4.201,-5.427
reverse,etf,ETHD,,ProShares UltraShort Ether ETF,ARCA,present,2025-11-20,10,1,1:10,2025-11-19,5.84,11.663,2.636,11.663,29.778,7.603,True,6.684,-11.458,-9.166,-15.738,-19.621
reverse,etf,FXP,,ProShares UltraShort FTSE China 50 of ProShares Trust,ARCA,present,2025-11-20,2,1,1:2,2025-11-19,8.9992,1.853,2.797,5.008,9.214,2.842,True,-0.486,-3.775,-4.975,-4.511,-6.139
reverse,etf,GLL,,ProShares UltraShort Gold,ARCA,present,2025-11-20,2,1,1:2,2025-11-19,14.61,-0.477,-1.88,0.481,5.946,0.0,True,0.582,-2.601,-2.533,-6.366,-5.613
forward,etf,LTL,,ProShares Ultra Communication Services,ARCA,present,2025-11-20,1,4,4:1,2025-11-19,101.9218,-0.922,0.274,-0.102,-4.019,-2.523,True,3.473,5.751,8.149,9.807,13.088
forward,etf,QLD,,ProShares Ultra QQQ,ARCA,present,2025-11-20,1,2,2:1,2025-11-19,135.19,1.137,-1.321,-3.013,-6.907,-4.712,True,1.475,6.707,7.918,11.489,13.678
reverse,etf,REW,,Proshares UltraShort Technology,ARCA,present,2025-11-20,2,1,1:2,2025-11-19,5.9,-1.255,1.812,5.076,9.259,6.12,True,-0.457,-5.288,-5.853,-9.361,-13.545
reverse,etf,SDS,,ProShares UltraShort S&P500,ARCA,present,2025-11-20,5,1,1:5,2025-11-19,14.72,-0.675,0.96,2.865,6.358,3.057,True,-1.898,-4.773,-6.539,-8.675,-9.084
reverse,etf,SETH,,ProShares Short Ether ETF,ARCA,present,2025-11-20,4,1,1:4,2025-11-19,11.07,5.832,1.56,6.034,14.715,3.749,True,3.2,-5.572,-4.266,-7.444,-8.729
reverse,etf,SPXU,,ProShares UltraPro Short S&P 500,ARCA,present,2025-11-20,4,1,1:4,2025-11-19,13.81,-1.074,1.395,4.305,9.69,4.562,True,-2.857,-7.133,-9.695,-12.846,-13.418
reverse,etf,SQQQ,,ProShares UltraPro Short QQQ,NASDAQ,present,2025-11-20,5,1,1:5,2025-11-19,15.12,-1.691,1.887,4.637,10.932,7.037,True,-2.113,-9.59,-11.221,-15.46,-17.832
reverse,etf,SRTY,,ProShares UltraPro Short Russell2000,ARCA,present,2025-11-20,4,1,1:4,2025-11-19,12.89,0.0,-0.846,5.139,13.169,5.489,True,-8.237,-13.127,-18.864,-22.173,-24.196
reverse,etf,SSG,,ProShares UltraShort Semiconductors,ARCA,present,2025-11-20,4,1,1:4,2025-11-19,8.25,-5.281,-0.841,2.23,7.562,8.242,True,0.308,-8.147,-6.887,-10.638,-14.166
forward,etf,SSO,,ProShares Ultra S&P500,ARCA,present,2025-11-20,1,2,2:1,2025-11-19,109.79,0.716,-0.974,-2.832,-6.138,-3.069,True,1.973,4.98,6.935,9.491,10.092
forward,etf,TQQQ,,ProShares UltraPro QQQ,NASDAQ,present,2025-11-20,1,2,2:1,2025-11-19,100.05,1.718,-1.96,-4.478,-10.309,-7.146,True,2.217,9.968,11.97,17.417,20.883
forward,etf,UDOW,,ProShares UltraPro Dow 30,ARCA,present,2025-11-20,1,2,2:1,2025-11-19,103.56,0.174,-3.043,-6.492,-12.909,-2.414,True,3.325,4.413,8.965,13.022,14.744
forward,etf,UPW,,ProShares Ultra Utilities,ARCA,present,2025-11-20,1,4,4:1,2025-11-19,93.097,-1.62,-2.123,-0.667,-3.191,-1.307,True,0.218,2.743,1.741,6.182,-3.7
forward,etf,USD,,ProShares Ultra Semiconductors,ARCA,present,2025-11-20,1,2,2:1,2025-11-19,103.36,5.255,0.603,-2.592,-8.026,-7.334,True,-1.086,7.58,5.659,9.856,14.053
reverse,etf,UVXY,,ProShares Ultra VIX Short-Term Futures ETF,BATS,present,2025-11-20,5,1,1:5,2025-11-19,11.86,-2.946,1.368,9.511,17.31,10.708,True,-7.647,-17.974,-21.249,-27.51,-31.82
reverse,etf,YXI,,ProShares Short FTSE China 50 of PROSHARES TRUST,ARCA,present,2025-11-20,2,1,1:2,2025-11-19,10.1153,1.074,1.461,2.437,4.591,1.566,True,-0.46,-2.032,-2.713,-2.399,-3.219
reverse,stock,BLMZ,,,,missing (delisted since),2025-11-21,10,1,1:10,2025-11-20,0.0766,-27.668,-40.62,-45.674,-47.82,30.548,True,7.0,5.0,1.07,12.0,-11.56
reverse,stock,EZGO,,EZGO Technologies Ltd. Ordinary Shares,NASDAQ,present,2025-11-21,25,1,1:25,2025-11-20,0.076,-10.798,-42.249,-45.007,-48.299,11.579,True,6.604,3.774,3.302,5.189,2.358
reverse,stock,JXG,,JX Luxventure Group Inc. Common Stock,NASDAQ,present,2025-11-21,15,1,1:15,2025-11-20,0.2431,-45.942,-53.214,-54.459,-56.512,-5.389,True,19.42,2.609,4.348,8.696,48.986
reverse,stock,MIGI,,,,missing (delisted since),2025-11-21,20,1,1:20,2025-11-20,0.3668,22.267,-26.64,-24.774,-38.332,-39.34,True,14.607,13.483,15.506,6.067,-3.371
reverse,stock,WTO,,,,missing (delisted since),2025-11-21,100,1,1:100,2025-11-20,0.0198,-14.655,-28.261,-34.0,-1.0,-16.667,True,-13.333,-23.636,-26.061,-26.061,-27.273
reverse,stock,MHUA,,,,missing (delisted since),2025-11-24,100,1,1:100,2025-11-21,0.1454,-2.416,-37.111,-36.032,-41.038,-17.964,True,-2.163,-2.247,-0.402,8.987,
reverse,stock,PHGE,,BiomX Inc.,AMEX,present,2025-11-25,19,1,1:19,2025-11-24,0.2887,13.216,4.982,7.724,-8.755,5.373,True,-18.685,-24.567,-26.817,-21.972,-52.422
reverse,stock,RJET,,Republic Airways Holdings Inc. Common Stock,NASDAQ,present,2025-11-25,15,1,1:15,2025-11-24,1.4,0.719,-7.285,-10.828,-16.168,-0.243,True,0.244,-4.339,-7.871,-9.255,-9.303
reverse,etf,WEAT,,Teucrium Wheat Fund,ARCA,present,2025-11-25,5,1,1:5,2025-11-24,4.16,-0.716,-0.716,-2.347,-3.815,0.433,True,0.335,-0.239,-0.718,-0.191,-1.819
reverse,stock,LGHL,,Lion Group Holding Ltd. American Depositary Share,NASDAQ,present,2025-11-26,13,1,1:13,2025-11-25,0.4334,4.711,11.128,4.686,-41.903,26.41,True,8.534,1.654,-9.438,-38.502,-38.923
reverse,stock,IVF,,"INVO Fertility, Inc. Common Stock",NASDAQ,present,2025-11-28,8,1,1:8,2025-11-26,0.2529,-1.595,-21.508,-22.661,-31.815,10.963,True,-24.722,-33.63,-28.731,-31.403,-40.312
reverse,stock,PLRZ,,Polyrizon Ltd. Ordinary Shares,NASDAQ,present,2025-11-28,6,1,1:6,2025-11-26,0.522,-10.448,-23.235,-17.912,-25.609,2.49,True,-1.558,128.349,120.872,308.1,292.835
reverse,stock,PMN,,ProMIS Neurosciences Inc. Common Shares (ON),NASDAQ,present,2025-11-28,25,1,1:25,2025-11-26,0.2895,-8.675,-11.224,-31.071,-30.291,-6.598,True,3.55,10.04,8.876,16.938,32.988
reverse,etf,ULTY,,YieldMax Ultra Option Income Strategy ETF,ARCA,present,2025-11-28,10,1,1:10,2025-11-26,4.0,-0.498,-0.498,0.503,-0.498,-89.925,False,,,,,
reverse,stock,WHLR,,"Wheeler Real Estate Investment Trust, Inc. Common Stock",NASDAQ,present,2025-11-28,2,1,1:2,2025-11-26,1.41,-27.692,-29.146,-28.788,-32.857,-48.227,False,,,,,
reverse,etf,XYZY,,YieldMax XYZ Option Income Strategy ETF,ARCA,present,2025-11-28,5,1,1:5,2025-11-26,7.2004,1.414,3.752,4.052,2.424,-79.946,False,,,,,
reverse,etf,YBIT,,YieldMax Bitcoin Option Income Strategy ETF,ARCA,present,2025-11-28,5,1,1:5,2025-11-26,7.2,2.055,0.279,5.572,-0.69,-80.028,False,,,,,
reverse,stock,KXIN,,Kaixin Holdings Ordinary Shares,NASDAQ,present,2025-12-01,30,1,1:30,2025-11-28,0.12,-15.493,-41.549,-43.662,-40.623,15.556,True,-25.481,-0.24,-0.962,21.635,6.731
reverse,stock,MBRX,,"Moleculin Biotech, Inc. Common Stock",NASDAQ,present,2025-12-01,25,1,1:25,2025-11-28,0.2727,-2.607,-24.06,-25.512,-35.302,-2.75,True,0.0,14.48,16.29,9.351,-32.127
reverse,etf,MRNY,,YieldMax MRNA Option Income Strategy ETF,ARCA,present,2025-12-01,10,1,1:10,2025-11-28,1.51,1.342,2.027,4.138,11.029,-5.762,True,-0.07,3.725,2.881,8.082,10.963
reverse,stock,NIVF,,NewGenIvf Group Limited Class A Ordinary Shares,NASDAQ,present,2025-12-01,5,1,1:5,2025-11-28,0.355,8.43,7.218,8.298,13.782,16.056,True,-27.184,-35.922,-27.67,-29.126,-54.403
reverse,etf,TSLY,,YieldMax TSLA Option Income Strategy ETF,ARCA,present,2025-12-01,5,1,1:5,2025-11-28,7.71,-0.644,0.653,0.784,5.472,0.337,True,-0.026,2.456,1.241,-1.422,4.033
reverse,etf,ULTY,,YieldMax Ultra Option Income Strategy ETF,ARCA,present,2025-12-01,10,1,1:10,2025-11-28,4.03,0.75,0.249,0.249,3.599,-1.836,True,0.986,0.758,1.264,1.542,-3.059
reverse,stock,WHLR,,"Wheeler Real Estate Investment Trust, Inc. Common Stock",NASDAQ,present,2025-12-01,2,1,1:2,2025-11-28,1.46,3.546,-25.128,-26.633,-29.126,24.658,True,-10.714,-14.56,-10.989,30.22,-24.451
reverse,etf,XYZY,,YieldMax XYZ Option Income Strategy ETF,ARCA,present,2025-12-01,5,1,1:5,2025-11-28,7.22,0.272,1.69,4.035,4.335,-2.521,True,-7.047,-5.087,-5.371,-6.756,-3.802
reverse,etf,YBIT,,YieldMax Bitcoin Option Income Strategy ETF,ARCA,present,2025-12-01,5,1,1:5,2025-11-28,7.19,-0.139,1.914,0.139,3.305,-4.729,True,5.109,6.511,4.058,3.883,-1.606
reverse,stock,ABNY,,,,missing (delisted since),2025-12-02,5,1,1:5,2025-12-01,8.8704,0.897,-0.27,-0.567,1.376,0.036,True,0.5,0.126,1.875,2.613,6.135
reverse,etf,AIYY,,YieldMax AI Option Income Strategy ETF,ARCA,present,2025-12-02,10,1,1:10,2025-12-01,1.9,-1.554,-1.042,-1.042,0.529,1.368,True,3.011,3.894,2.181,6.75,-2.129
reverse,etf,ARCX,,Tradr 2X Long ACHR Daily ETF,BATS,present,2025-12-02,5,1,1:5,2025-12-01,7.38,-9.001,-1.337,1.653,6.957,4.986,True,18.224,35.648,24.781,24.471,4.775
reverse,etf,CONY,,YieldMax COIN Option Income Strategy ETF,ARCA,present,2025-12-02,10,1,1:10,2025-12-01,4.58,-4.184,-3.983,-1.08,3.855,1.55,True,4.171,1.14,0.043,2.516,-5.117
reverse,etf,CRSH,,YieldMax Short TSLA Option Income Strategy ETF,ARCA,present,2025-12-02,10,1,1:10,2025-12-01,2.78,-0.358,-2.456,-3.806,-8.553,0.324,True,-3.801,-6.382,-6.595,-4.374,-12.693
reverse,etf,CWVX,,Tradr 2X Long CRWV Daily ETF,BATS,present,2025-12-02,5,1,1:5,2025-12-01,5.64,10.372,6.215,16.049,14.17,-2.447,True,8.797,26.1,33.37,39.985,-19.484
reverse,etf,DIPS,,YieldMax Short NVDA Option Income Strategy ETF,ARCA,present,2025-12-02,10,1,1:10,2025-12-01,5.52,-1.252,-1.604,-1.954,-1.164,-0.789,True,0.722,-2.075,-1.358,-2.352,0.621
reverse,etf,FIAT,,YieldMax Short COIN Option Income Strategy ETF,ARCA,present,2025-12-02,10,1,1:10,2025-12-01,2.66,4.724,-0.746,-4.659,-7.958,-1.09,True,-4.067,-4.751,-3.611,-5.397,1.786
reverse,stock,HPP,,"Hudson Pacific Properties, Inc.",NYSE,present,2025-12-02,7,1,1:7,2025-12-01,1.98,0.0,1.02,5.319,13.793,2.525,True,-1.9,-4.574,-5.137,-5.841,-18.79
reverse,etf,OARK,,YieldMax Innovation Option Income Strategy ETF,ARCA,present,2025-12-02,5,1,1:5,2025-12-01,7.46,-1.583,-2.484,-1.583,1.774,0.885,True,2.365,2.232,2.046,2.525,1.169
reverse,etf,QUBX,,Tradr 2X Long QUBT Daily ETF,BATS,present,2025-12-02,5,1,1:5,2025-12-01,5.52,-12.934,-9.061,-12.102,14.05,-0.29,True,20.422,49.927,33.939,40.916,0.182
reverse,stock,RUBI,,Rubico Inc. Common Stock,NASDAQ,present,2025-12-02,30,1,1:30,2025-12-01,0.138,-13.534,-36.17,-41.401,-3.766,-32.609,True,9.677,1.792,-5.018,-9.677,-48.387
reverse,etf,SMU,,Tradr 2X Long SMR Daily ETF,BATS,present,2025-12-02,5,1,1:5,2025-12-01,3.7,-19.037,-11.058,-7.96,-7.731,9.297,True,12.018,42.977,24.085,22.552,-23.541
reverse,stock,SPHL,,Springview Holdings Ltd Class A Ordinary Shares,NASDAQ,present,2025-12-02,8,1,1:8,2025-12-01,0.4391,-3.239,-4.106,-3.833,10.078,15.862,True,-26.29,-18.182,11.302,-5.651,-24.324
reverse,stock,TLRY,,"Tilray Brands, Inc. Common Stock",NASDAQ,present,2025-12-02,10,1,1:10,2025-12-01,0.7824,-3.764,-24.039,-20.423,-13.633,-1.457,True,-8.431,-6.355,-4.669,4.929,80.804
reverse,etf,UPSX,,Tradr 2X Long UPST Daily ETF,BATS,present,2025-12-02,5,1,1:5,2025-12-01,10.55,-3.033,10.24,12.234,40.854,-6.806,True,11.839,20.464,18.775,16.945,17.758
reverse,stock,XHLD,,"TEN Holdings, Inc. Common Stock",NASDAQ,present,2025-12-02,15,1,1:15,2025-12-01,0.1425,-0.697,0.352,-4.491,-29.907,2.924,True,0.455,5.909,9.091,15.455,-18.182
reverse,etf,MSTU,,T-Rex 2X Long MSTR Daily Target ETF,BATS,present,2025-12-03,10,1,1:10,2025-12-02,1.25,11.607,3.734,5.932,0.806,7.92,True,-2.743,-10.082,-5.856,-5.115,-29.615
reverse,stock,STRO,,"Sutro Biopharma, Inc. Common Stock",NASDAQ,present,2025-12-03,10,1,1:10,2025-12-02,0.7298,-8.946,-20.622,-17.658,-16.594,19.211,True,7.816,-0.46,-2.356,3.448,4.943
reverse,stock,IMG,,,,missing (delisted since),2025-12-05,20,1,1:20,2025-12-04,0.1087,-11.193,-41.243,-38.864,-37.095,15.915,True,-14.683,-5.952,-12.302,-35.714,-43.651
reverse,stock,MTVA,,MetaVia Inc. Common Stock,NASDAQ,present,2025-12-05,11,1,1:11,2025-12-04,0.665,10.981,10.833,-11.416,-11.357,11.851,True,40.799,5.599,16.721,13.788,5.355
reverse,stock,TGL,,Treasure Global Inc. Common Stock,NASDAQ,present,2025-12-05,20,1,1:20,2025-12-04,0.3379,12.746,-26.528,-35.454,-46.314,276.443,False,,,,,
forward,etf,XLB,,State Street Materials Select Sector SPDR ETF,ARCA,present,2025-12-05,1,2,2:1,2025-12-04,88.47,-0.584,0.113,-0.796,-0.472,-0.328,True,-1.384,-1.588,0.34,2.404,2.903
forward,etf,XLE,,State Street Energy Select Sector SPDR ETF,ARCA,present,2025-12-05,1,2,2:1,2025-12-04,92.22,0.425,2.308,0.986,3.293,-0.412,True,-1.089,-0.479,0.566,-0.893,-3.898
forward,etf,XLK,,State Street Technology Select Sector SPDR ETF,ARCA,present,2025-12-05,1,2,2:1,2025-12-04,291.07,0.372,0.612,1.648,2.569,0.732,True,0.703,0.969,1.453,-1.985,-1.364
forward,etf,XLU,,State Street Utilities Select Sector SPDR ETF,ARCA,present,2025-12-05,1,2,2:1,2025-12-04,87.42,-0.205,-0.523,-1.231,-2.856,-0.938,True,-1.339,-1.27,-1.316,-1.085,-1.547
forward,etf,XLY,,State Street Consumer Discretionary Select Sector SPDR ETF,ARCA,present,2025-12-05,1,2,2:1,2025-12-04,238.14,-0.356,0.719,0.651,1.336,0.554,True,-1.453,-1.462,-0.017,0.81,1.771
reverse,etf,AMDY,,YieldMax AMD Option Income Strategy ETF,ARCA,present,2025-12-08,5,1,1:5,2025-12-05,7.84,0.901,-1.384,-0.254,-1.01,1.301,True,0.252,0.453,0.151,-5.188,-3.526
reverse,etf,MSTY,,YieldMax MSTR Option Income Strategy ETF,ARCA,present,2025-12-08,5,1,1:5,2025-12-05,7.01,-2.774,-4.755,-1.958,0.143,2.14,True,2.318,0.922,-0.95,-11.285,-10.475
reverse,etf,PYPY,,YieldMax PYPL Option Income Strategy ETF,ARCA,present,2025-12-08,5,1,1:5,2025-12-05,8.68,1.284,0.115,-1.364,-1.476,-1.959,True,-0.277,0.141,0.987,-0.4,-1.481
reverse,stock,WKHS,,"Workhorse Group, Inc. Common Stock",NASDAQ,present,2025-12-08,12,1,1:12,2025-12-05,0.7812,-8.364,-13.103,-3.734,-12.027,-19.035,True,-5.929,-13.9,-14.888,-21.476,-26.35
forward,etf,HOOX,,Tidal Trust II Defiance Daily Target 2X Long HOOD ETF,NASDAQ,present,2025-12-09,1,4,4:1,2025-12-08,140.3221,6.54,-1.476,3.431,21.263,-0.891,True,-0.181,-18.057,-23.586,-23.845,-23.234
forward,etf,IONX,,Tidal Trust II Defiance Daily Target 2X Long IONQ ETF,NASDAQ,present,2025-12-09,1,2,2:1,2025-12-08,69.71,6.379,-1.644,22.837,29.911,0.072,True,-10.049,-7.597,-15.109,-18.922,-15.252
reverse,etf,IONZ,,Tidal Trust II Defiance Daily Target 2x Short IONQ ETF,NASDAQ,present,2025-12-09,6,1,1:6,2025-12-08,3.12,-6.024,0.645,-25.0,-30.045,-0.107,True,9.626,5.722,14.011,12.46,-4.225
reverse,etf,MST,,Tidal Trust II Defiance Leveraged Long Income MSTR ETF,NASDAQ,present,2025-12-09,4,1,1:4,2025-12-08,2.18,4.306,-0.909,-2.895,6.863,4.931,True,-6.23,-6.885,-12.24,-20.656,-29.617
reverse,etf,NVOX,,Defiance Daily Target 2x Long NVO ETF,ARCA,present,2025-12-09,8,1,1:8,2025-12-08,2.36,-4.453,-5.6,-3.279,-7.451,-1.483,True,11.505,16.828,15.968,10.323,21.505
reverse,etf,PLTZ,,Tidal Trust II Defiance Daily Target 2x Short PLTR ETF,NASDAQ,present,2025-12-09,4,1,1:4,2025-12-08,6.15,0.326,-4.056,-5.963,-15.406,-0.285,True,-6.686,-6.196,-2.364,-6.808,-14.676
reverse,stock,PSNY,,Polestar Automotive Holding UK PLC Class A ADS,NASDAQ,present,2025-12-09,30,1,1:30,2025-12-08,0.5571,-7.15,-11.949,-3.998,-7.212,9.436,True,-22.854,-34.336,-21.651,-30.344,-17.277
reverse,stock,PSNYW,,Polestar Automotive Holding UK PLC Class C-1 ADS (ADW),NASDAQ,present,2025-12-09,30,1,1:30,2025-12-08,0.2037,-8.036,-10.146,-8.573,-9.827,-27.344,True,3.108,-14.414,-3.153,-4.279,44.144
forward,etf,RGTX,,Tidal Trust II Defiance Daily Target 2X Long RGTI ETF,NASDAQ,present,2025-12-09,1,4,4:1,2025-12-08,86.55,1.074,-12.31,14.788,39.822,-0.589,True,-14.923,-9.995,-17.387,-30.126,-25.523
forward,etf,RKLX,,Tidal Trust II Defiance Daily Target 2X Long RKLB ETF,NASDAQ,present,2025-12-09,1,3,3:1,2025-12-08,82.32,10.186,8.745,30.958,59.473,6.997,True,15.242,39.033,29.734,4.496,93.018
reverse,etf,SMCZ,,Tidal Trust II Defiance Daily Target 2X Short SMCI ETF,NASDAQ,present,2025-12-09,8,1,1:8,2025-12-08,5.38,-4.1,-6.759,-10.184,-11.803,2.045,True,0.478,5.464,15.141,19.627,23.315
reverse,stock,UL,,Unilever plc,NYSE,present,2025-12-09,1,0.88888889,0.88888889:1,2025-12-08,55.3,-7.028,-6.446,-6.84,-8.368,2.938,True,-0.281,1.218,1.405,0.453,2.639
reverse,stock,SVRE,,SaverOne 2014 Ltd. American Depositary Shares,NASDAQ,present,2025-12-10,3,1,1:3,2025-12-09,1.22,3.39,14.019,28.746,39.349,1.093,True,-7.297,-18.919,-4.324,-49.459,-62.162
reverse,stock,BNKK,,"Bonk, Inc. Common Stock",NASDAQ,present,2025-12-11,35,1,1:35,2025-12-10,0.116,-21.088,-48.444,-41.236,-39.646,-20.69,True,26.087,18.012,14.907,17.702,-7.143
reverse,stock,JZXN,,"Jiuzi Holdings, Inc. Ordinary Shares",NASDAQ,present,2025-12-11,40,1,1:40,2025-12-10,0.1498,2.113,3.31,-16.778,-17.692,-6.041,True,-52.043,-53.286,-51.332,-66.252,-68.206
reverse,stock,ARBK,,Argo Blockchain plc American Depositary Shares,NASDAQ,present,2025-12-12,216,1,1:216,2025-12-11,0.142,-7.19,-24.468,-13.992,-26.042,-77.602,False,,,,,
reverse,stock,AZI,,Autozi Internet Technology (Global) Ltd. Class A Ordinary Shares,NASDAQ,present,2025-12-12,50,1,1:50,2025-12-11,0.0373,-10.337,-33.982,-28.681,-38.852,-9.92,True,-8.333,11.31,7.143,48.81,114.286
reverse,stock,BNAI,,Brand Engagement Network Inc. Common Stock,NASDAQ,present,2025-12-12,10,1,1:10,2025-12-11,0.284,-3.729,-7.732,-0.351,0.602,-9.155,True,-18.217,-32.946,-40.698,-32.946,-2.907
reverse,stock,BENF,,Beneficient Class A Common Stock,NASDAQ,present,2025-12-15,8,1,1:8,2025-12-12,0.6002,-30.193,-41.157,-45.436,-9.157,-16.278,True,-6.965,10.697,27.612,102.985,43.284
reverse,stock,CMND,,Clearmind Medicine Inc. Common Shares,NASDAQ,present,2025-12-15,40,1,1:40,2025-12-12,0.0743,3.626,-34.996,-38.948,-42.448,-8.479,True,-3.676,2.941,-4.044,-4.779,-31.618
reverse,stock,FRGT,,"Freight Technologies, Inc. Ordinary Shares",NASDAQ,present,2025-12-15,5,1,1:5,2025-12-12,0.6001,-11.75,-20.685,-22.767,-14.271,-19.013,True,3.292,-4.527,0.0,0.412,-26.749
reverse,stock,XBP,,"XBP Global Holdings, Inc. Common Stock",NASDAQ,present,2025-12-15,10,1,1:10,2025-12-12,0.573,8.935,38.54,10.49,8.543,-0.175,True,-2.098,-6.643,-0.699,19.755,20.28
reverse,stock,INBS,,Intelligent Bio Solutions Inc. Common Stock,NASDAQ,present,2025-12-16,10,1,1:10,2025-12-15,0.55,-1.803,-24.096,-24.002,-22.535,0.0,True,7.364,27.091,11.636,-4.0,73.273
reverse,stock,PCSA,,"Processa Pharmaceuticals, Inc. Common Stock",NASDAQ,present,2025-12-17,25,1,1:25,2025-12-16,0.1202,-15.053,-55.481,-55.809,-60.577,122.296,False,,,,,
reverse,stock,DFLI,,Dragonfly Energy Holdings Corp. Common Stock (NV),NASDAQ,present,2025-12-18,10,1,1:10,2025-12-17,0.4307,-2.114,-39.347,-45.694,-50.046,-18.505,True,14.815,23.932,19.373,19.658,17.949
reverse,stock,MNTS,,Momentus Inc. Class A Common Stock,NASDAQ,present,2025-12-18,17.85,1,1:17.85,2025-12-17,0.5235,0.076,13.067,-37.679,-41.206,-16.635,True,12.067,15.533,-22.336,-20.154,13.222
forward,stock,NOW,,"SERVICENOW, INC.",NYSE,present,2025-12-18,1,5,5:1,2025-12-17,782.39,0.163,2.246,-9.557,-8.338,-1.98,True,1.258,2.152,0.639,0.333,-3.768
reverse,stock,PAVS,,Paranovus Entertainment Technology Ltd. Class A Ordinary Shares,NASDAQ,present,2025-12-18,100,1,1:100,2025-12-17,0.0199,-13.478,-45.179,-51.582,-47.769,23.116,True,-8.98,-17.143,-39.184,-11.429,-10.612
reverse,stock,INHD,,Inno Holdings Inc. Common Stock,NASDAQ,present,2025-12-22,24,1,1:24,2025-12-19,0.0695,-1.558,-38.496,-37.668,-50.744,-5.276,True,-7.595,-17.089,-13.291,-25.949,-18.354
reverse,stock,VSA,,VisionSys AI Inc. American Depositary Shares,NASDAQ,present,2025-12-22,50,1,1:50,2025-12-19,0.0705,0.571,-25.945,-30.267,-31.22,4.113,True,-13.079,-24.796,-26.431,-29.973,-34.332
reverse,stock,BOXL,,Boxlight Corporation Class A Common Stock,NASDAQ,present,2025-12-23,6,1,1:6,2025-12-22,0.5403,-18.124,-19.872,-21.786,-29.831,-18.564,True,-12.5,-17.045,-24.242,-35.606,-37.879
reverse,stock,CHR,,"Cheer Holding, Inc. Class A Ordinary Share",NASDAQ,present,2025-12-23,50,1,1:50,2025-12-22,0.034,5.263,-15.0,-16.462,-10.995,-10.0,True,-1.307,-4.575,-18.301,-16.34,3.268
reverse,stock,TNMG,,TNL Mediagene Ordinary Shares,NASDAQ,present,2025-12-23,20,1,1:20,2025-12-22,0.1447,5.775,-27.067,-29.961,-29.207,-4.976,True,-7.273,1.455,-6.909,-0.727,-8.0
forward,stock,TPL,,Texas Pacific Land Corporation,NYSE,present,2025-12-23,1,3,3:1,2025-12-22,908.4,1.061,1.451,2.877,8.191,-1.806,True,-0.447,-3.293,-0.942,-3.4,1.89
reverse,stock,RBNE,,Robin Energy Ltd. Common Stock,NASDAQ,present,2025-12-24,5,1,1:5,2025-12-23,0.7162,-12.669,-13.887,-9.844,-11.58,-10.053,True,-5.309,-7.172,-8.103,-1.273,4.936
reverse,stock,XELB,,"Xcel Brands, Inc. Common Stock",NASDAQ,present,2025-12-24,3,1,1:3,2025-12-23,1.39,11.2,15.833,25.225,19.313,-68.345,False,,,,,
reverse,stock,XTLB,,XTL Biopharmaceuticals Ltd. American Depositary Shares,NASDAQ,present,2025-12-24,4,1,1:4,2025-12-23,0.781,-3.33,-4.418,-3.58,0.0,-74.907,False,,,,,
reverse,stock,ASRT,,,,missing (delisted since),2025-12-26,15,1,1:15,2025-12-24,0.6599,-0.015,-9.825,-8.347,-10.486,0.419,True,-4.125,-7.445,-8.753,-3.119,-6.237
reverse,stock,ECDA,,,,missing (delisted since),2025-12-26,5,1,1:5,2025-12-24,0.157,12.143,-19.487,-21.145,-31.561,46.497,True,-40.443,-55.035,-62.696,-60.957,-70.757
reverse,stock,ELPW,,Elong Power Holding Limited Class A Ordinary Shares,NASDAQ,present,2025-12-26,16,1,1:16,2025-12-24,0.1427,4.313,-19.831,-10.813,-10.813,-16.902,True,10.157,-1.966,-4.074,10.684,11.738
reverse,stock,SCWO,,374Water Inc. Common Stock,NASDAQ,present,2025-12-26,10,1,1:10,2025-12-24,0.2301,-0.043,-3.401,-4.957,-1.372,2.564,True,-25.636,-11.017,-13.559,5.932,8.051
reverse,stock,WOK,,WORK Medical Technology Group LTD Class A Ordinary Shares,NASDAQ,present,2025-12-29,100,1,1:100,2025-12-26,0.0275,-16.159,-43.763,-47.917,-51.241,24.0,True,-13.783,-36.07,-31.965,-39.296,-25.806
reverse,stock,ACET,,"Adicet Bio, Inc. Common Stock",NASDAQ,present,2025-12-30,16,1,1:16,2025-12-29,0.4921,-5.365,-5.22,1.276,-0.324,0.716,True,6.179,11.223,2.774,6.557,4.54
reverse,stock,APVO,,Aptevo Therapeutics Inc. Common Stock,NASDAQ,present,2025-12-30,18,1,1:18,2025-12-29,0.5499,-9.422,-40.877,-46.088,-48.607,-5.134,True,0.426,0.0,-11.395,-5.165,-4.1
reverse,stock,BIYA,,Baiya International Group Inc Class A Ordinary Shares,NASDAQ,present,2025-12-30,25,1,1:25,2025-12-29,0.1936,16.697,24.984,19.506,-3.586,-3.099,True,-17.484,-5.97,-9.168,-7.889,-16.629
reverse,stock,ILAG,,Intelligent Living Application Group Inc. Ordinary Shares,NASDAQ,present,2025-12-30,10,1,1:10,2025-12-29,0.5237,48.948,24.69,25.738,57.551,-13.118,True,-10.989,-16.484,-14.945,-9.89,-13.846
reverse,stock,ORIS,,,,missing (delisted since),2025-12-30,20,1,1:20,2025-12-29,0.0649,5.186,-7.943,-15.714,-25.144,-6.009,True,22.131,10.656,12.295,-1.639,27.869
reverse,stock,XTKG,,,,missing (delisted since),2025-12-30,6,1,1:6,2025-12-29,0.0855,-38.356,-47.866,-47.898,-95.638,-18.265,True,-12.855,-23.611,-28.548,-37.372,-62.104
reverse,stock,RPT,,Rithm Property Trust Inc.,NYSE,present,2025-12-31,6,1,1:6,2025-12-30,2.73,1.866,3.019,3.019,3.802,1.221,True,-0.965,-2.111,-2.533,-1.448,-1.689
reverse,stock,CODX,,"Co-Diagnostics, Inc. Common Stock",NASDAQ,present,2026-01-02,30,1,1:30,2025-12-31,0.1686,-6.696,-26.44,-28.255,-31.24,9.925,True,3.237,2.518,8.453,11.331,-57.554
reverse,stock,PAVM,,PAVmed Inc. Common Stock,NASDAQ,present,2026-01-02,30,1,1:30,2025-12-31,0.2208,-6.441,-22.034,-23.678,-26.449,10.658,True,0.273,-4.775,0.682,-0.546,-10.232
reverse,stock,RVYL,,,,missing (delisted since),2026-01-02,35,1,1:35,2025-12-31,0.1621,-8.263,3.578,-2.054,-19.633,0.996,True,-14.136,-8.901,-3.49,-4.625,-11.518
reverse,stock,BVC,,BitVentures Limited Ordinary Shares,NASDAQ,present,2026-01-05,10,1,1:10,2026-01-02,1.4,22.807,17.647,32.075,16.667,5.356,True,-21.559,-29.694,-25.898,-25.355,-30.305
reverse,stock,CANF,,"Can-Fite BioPharma Ltd. American Depositary Shares, each representing two (2) Ordinary Shares",AMEX,present,2026-01-05,20,1,1:20,2026-01-02,0.22,10.0,19.891,28.28,22.019,-2.5,True,-7.226,9.79,1.632,-0.932,-6.993
reverse,stock,ICU,,SeaStar Medical Holding Corporation Common Stock,NASDAQ,present,2026-01-05,10,1,1:10,2026-01-02,0.2631,9.625,15.395,13.259,8.719,-1.558,True,-0.386,-5.019,-6.95,-11.197,-11.969
reverse,stock,MLEC,,Moolec Science SA Ordinary Shares,NASDAQ,present,2026-01-05,15,1,1:15,2026-01-02,0.276,8.405,3.877,8.962,22.885,3.865,True,-11.628,-7.209,3.953,-4.419,2.093
forward,stock,TRT,,Trio-Tech International,AMEX,present,2026-01-05,1,2,2:1,2026-01-02,12.45,-5.967,-8.05,-10.689,-3.339,0.241,True,11.538,20.032,14.904,11.058,11.378
reverse,stock,ELAB,,PMGC Holdings Inc. Common Stock,NASDAQ,present,2026-01-06,4,1,1:4,2026-01-05,1.61,13.38,8.784,8.784,3.871,-12.733,True,3.381,-0.89,-6.584,-28.47,-39.858
reverse,stock,FTEL,,,,missing (delisted since),2026-01-08,8,1,1:8,2026-01-07,0.4495,10.172,-10.99,-18.863,-34.13,-2.67,True,1.429,-6.857,-12.286,-6.571,0.571
reverse,stock,ICON,,Icon Energy Corp. Common stock,NASDAQ,present,2026-01-08,5,1,1:5,2026-01-07,0.5409,-18.808,-17.306,-17.103,-18.367,19.061,True,-3.106,-14.286,-19.565,-25.155,-31.677
reverse,stock,KUST,,"Kustom Entertainment, Inc. Common Stock",NASDAQ,present,2026-01-08,3,1,1:3,2026-01-07,0.8718,15.013,22.754,31.692,29.443,8.588,True,-8.803,-24.648,-28.169,-18.662,-7.746
reverse,stock,AKAN,,Akanda Corp. Common Shares,NASDAQ,present,2026-01-12,5,1,1:5,2026-01-09,0.4894,4.106,-11.308,-7.451,-0.629,7.479,True,-25.095,-38.403,-50.19,-31.559,-41.445
reverse,stock,DRCT,,"Direct Digital Holdings, Inc. Class A Common Stock",NASDAQ,present,2026-01-12,55,1,1:55,2026-01-09,0.0452,-10.139,-14.717,-17.064,-20.282,-9.895,True,-15.179,-13.393,-24.554,-17.857,32.589
reverse,stock,GOVX,,"GeoVax Labs, Inc. Common Stock",NASDAQ,present,2026-01-12,25,1,1:25,2026-01-09,0.1656,-10.39,-18.664,-23.862,-20.0,-13.768,True,-2.521,-19.888,-20.168,-21.849,-20.448
reverse,stock,VSME,,VS Media Holdings Limited Class A Ordinary Shares,NASDAQ,present,2026-01-12,20,1,1:20,2026-01-09,0.0935,16.294,13.747,1.63,-1.163,-5.882,True,-6.818,-11.932,-5.114,-10.227,10.795
reverse,stock,VMAR,,Vision Marine Technologies Inc. Common Shares,NASDAQ,present,2026-01-14,40,1,1:40,2026-01-13,0.135,-8.968,-30.84,-30.305,-34.846,1.481,True,-7.482,-1.46,-7.482,-8.029,-33.212
reverse,stock,AMCR,,Amcor plc Ordinary Shares,NYSE,present,2026-01-15,5,1,1:5,2026-01-14,8.82,0.8,2.439,1.965,5.0,0.136,True,-7.292,-6.771,-3.986,0.272,0.204
reverse,stock,ASBP,,"Aspire Biopharma Holdings, Inc. Common Stock",NASDAQ,present,2026-01-16,40,1,1:40,2026-01-15,0.0519,-11.584,-34.962,-45.368,-49.758,6.455,True,-9.05,-13.575,-18.1,-20.362,-23.077
reverse,stock,HUBC,,Hub Cyber Security Ltd. Ordinary Shares,NASDAQ,present,2026-01-16,15,1,1:15,2026-01-15,0.303,-13.305,-43.502,-11.584,-8.182,2.53,True,-17.811,-14.163,-18.884,-32.189,-43.348
reverse,stock,OCG,,Oriental Culture Holding LTD Ordinary Shares,NASDAQ,present,2026-01-16,220,1,1:220,2026-01-15,0.0101,-14.407,-10.619,-40.237,-54.709,-18.992,True,-0.556,0.0,-2.222,3.333,-5.0
reverse,stock,BTOG,,Bit Origin Limited Class A Ordinary Shares,NASDAQ,present,2026-01-20,60,1,1:60,2026-01-16,0.0922,-19.826,-52.887,-51.55,-48.806,-8.532,True,-4.941,-8.498,-13.043,-23.123,-45.059
reverse,stock,FTFT,,Future FinTech Group Inc. Common Stock,NASDAQ,present,2026-01-20,4,1,1:4,2026-01-16,0.6681,-6.52,-3.426,-0.045,-10.932,-10.941,True,-12.185,-4.202,-6.723,-7.143,-19.328
reverse,stock,NVNO,,enVVeno Medical Corporation Common Stock,NASDAQ,present,2026-01-20,35,1,1:35,2026-01-16,0.342,9.091,-5.289,2.395,-5.0,-2.673,True,-6.266,-6.266,0.343,-12.103,-12.189
reverse,stock,SXTP,,"60 Degrees Pharmaceuticals, Inc. Common Stock",NASDAQ,present,2026-01-20,4,1,1:4,2026-01-16,0.61,31.014,27.883,15.64,15.881,-17.623,True,-0.498,150.746,125.871,139.801,100.0
reverse,stock,WHLR,,"Wheeler Real Estate Investment Trust, Inc. Common Stock",NASDAQ,present,2026-01-20,3,1,1:3,2026-01-16,1.69,0.595,-2.874,-1.17,-14.213,-0.789,True,12.326,10.934,21.869,6.362,-36.382
reverse,stock,DCX,,Digital Currency X Technology Inc. Class A Ordinary Shares,NASDAQ,present,2026-01-22,12,1,1:12,2026-01-21,0.3571,-2.512,-16.876,-22.889,-14.976,16.214,True,-4.618,-29.116,-35.743,-17.47,-44.378
reverse,stock,CCTG,,CCSC Technology International Holdings Limited Class A Ordinary Shares,NASDAQ,present,2026-01-23,10,1,1:10,2026-01-22,0.0955,-2.551,-14.041,-16.812,-16.884,10.995,True,0.0,-15.509,-7.509,-23.896,-42.094
reverse,stock,SLE,,"Super League Enterprise, Inc. Common Stock",NASDAQ,present,2026-01-23,12,1,1:12,2026-01-22,0.5302,4.803,-27.726,-24.203,-26.869,-7.268,True,4.915,4.915,14.237,-8.475,-22.881
reverse,stock,UONE,,"Urban One, Inc. Class A Common Stock",NASDAQ,present,2026-01-23,10,1,1:10,2026-01-22,0.9303,1.208,5.238,6.919,-10.548,17.274,True,3.758,19.615,22.456,24.84,11.732
reverse,stock,UONEK,,"Urban One, Inc. Class D Common Stock",NASDAQ,present,2026-01-23,10,1,1:10,2026-01-22,0.8177,-1.482,2.136,0.826,-1.518,2.483,True,-4.773,4.594,2.088,7.399,6.205
reverse,stock,BNRG,,,,missing (delisted since),2026-01-26,7,1,1:7,2026-01-23,0.52,-6.289,-0.383,-3.614,5.413,-1.374,True,-10.864,-16.435,-18.106,-16.713,-23.677
reverse,etf,BTF,,CoinShares ETF Trust CoinShares Bitcoin and Ether ETF,NASDAQ,present,2026-01-26,5,1,1:5,2026-01-23,5.2348,0.284,-1.878,-1.025,-8.402,-1.787,True,3.073,2.795,-3.657,-15.359,-22.664
reverse,stock,CISS,,C3is Inc. Common Stock,NASDAQ,present,2026-01-26,20,1,1:20,2026-01-23,0.0846,-7.033,-40.043,-35.023,-38.248,21.749,True,-9.709,-15.049,-30.097,-5.34,-19.417
reverse,stock,GRI,,"GRI Bio, Inc. Common Stock",NASDAQ,present,2026-01-26,28,1,1:28,2026-01-23,0.2013,2.599,-9.731,-13.531,-16.404,-1.533,True,-4.144,-25.946,-40.18,-48.468,-55.856
reverse,stock,LRHC,,La Rosa Holdings Corp. Common Stock,NASDAQ,present,2026-01-26,10,1,1:10,2026-01-23,0.3927,-8.992,-24.248,-26.776,-32.293,-5.271,True,-8.871,-15.054,-19.624,-34.14,-58.871
reverse,stock,MKDW,,MKDWELL Tech Inc. Ordinary Share,NASDAQ,present,2026-01-26,30,1,1:30,2026-01-23,0.1134,-2.326,-27.168,-27.586,-31.646,-3.586,True,2.744,-6.402,-12.5,-13.415,-34.451
reverse,stock,MTEN,,Mingteng International Corporation Inc. Class A Ordinary Shares,NASDAQ,present,2026-01-26,200,1,1:200,2026-01-23,0.0169,-22.12,-42.712,-46.006,-48.788,-22.485,True,13.74,1.908,-10.305,-20.229,-32.061
reverse,stock,NIVF,,NewGenIvf Group Limited Class A Ordinary Shares,NASDAQ,present,2026-01-26,3,1,1:3,2026-01-23,0.5043,-0.454,20.071,14.588,-1.906,22.943,True,-19.355,-14.785,-27.957,-30.108,-50.919
reverse,stock,PCLA,,PicoCELA Inc. American Depositary Shares,NASDAQ,present,2026-01-26,30,1,1:30,2026-01-23,0.172,-7.377,-12.334,-16.464,-25.217,-6.298,True,0.931,34.023,19.338,28.232,13.754
reverse,stock,XXII,,"22nd Century Group, Inc. Common Stock",NASDAQ,present,2026-01-26,15,1,1:15,2026-01-23,0.7004,-15.614,-13.37,-13.701,-19.029,7.653,True,-18.7,-23.696,-32.007,-36.34,-52.608
reverse,stock,REVB,,"Revelation Biosciences, Inc. Common Stock",NASDAQ,present,2026-01-28,4,1,1:4,2026-01-27,0.523,-4.926,-19.028,-38.787,-44.016,-0.096,True,-9.091,-2.871,-10.048,-23.923,-28.23
reverse,stock,BJDX,,"Bluejay Diagnostics, Inc. Common Stock",NASDAQ,present,2026-01-29,4,1,1:4,2026-01-28,0.8115,6.818,2.683,-1.037,15.829,5.977,True,5.233,-1.744,-7.267,-13.372,-20.93
reverse,stock,IBG,,Innovation Beverage Group Limited Ordinary Shares,NASDAQ,present,2026-01-30,5,1,1:5,2026-01-29,0.6705,-11.765,-25.301,-25.075,-34.903,11.26,True,17.158,8.445,6.434,28.15,7.775
reverse,stock,ATOS,,"Atossa Therapeutics, Inc. Common Stock",NASDAQ,present,2026-02-02,15,1,1:15,2026-01-30,0.565,-5.833,-8.339,-17.494,-12.007,-34.041,True,-1.073,-5.367,-4.651,-10.733,-25.76
reverse,stock,PBM,,Psyence Biomedical Ltd. Common Shares,NASDAQ,present,2026-02-02,6.25,1,1:6.25,2026-01-30,0.6406,-11.102,-16.805,1.505,-12.725,-5.089,True,-18.684,-14.737,-23.947,-17.105,-26.579
reverse,stock,EDBL,,Edible Garden AG Incorporated Common Stock,NASDAQ,present,2026-02-03,10,1,1:10,2026-02-02,0.4465,-7.919,-12.485,-13.301,-14.676,-13.55,True,-8.808,-16.58,-6.736,-1.554,-12.435
reverse,stock,SXTC,,"China SXT Pharmaceuticals, Inc. Class A Ordinary Shares",NASDAQ,present,2026-02-03,150,1,1:150,2026-02-02,0.0431,39.032,-13.8,-37.536,-47.567,-29.93,True,-13.024,-37.748,-33.775,-43.709,-45.916
reverse,stock,RVSN,,Rail Vision Ltd. Ordinary Share,NASDAQ,present,2026-02-04,30,1,1:30,2026-02-03,0.1946,-14.424,-39.377,-39.282,-43.887,-23.775,True,-5.843,31.011,32.584,34.607,47.64
reverse,stock,ADIL,,"Adial Pharmaceuticals, Inc Common Stock",NASDAQ,present,2026-02-06,25,1,1:25,2026-02-05,0.137,-12.628,-35.163,-36.19,-35.861,-8.905,True,-0.962,-2.885,-8.654,-8.654,-25.321
reverse,stock,ASST,,"Strive, Inc. Class A Common Stock",NASDAQ,present,2026-02-06,20,1,1:20,2026-02-05,0.4931,-16.762,-27.709,-31.817,-37.201,20.817,True,-14.855,-22.954,-32.102,-30.088,-38.229
reverse,stock,PRFX,,PRF Technologies Ltd. Ordinary Shares,NASDAQ,present,2026-02-06,5,1,1:5,2026-02-05,0.6044,-6.656,-11.091,-10.193,-14.633,-2.052,True,0.676,-0.338,8.108,0.0,0.676
reverse,stock,RLYB,,Rallybio Corporation Common Stock,NASDAQ,present,2026-02-06,8,1,1:8,2026-02-05,0.5814,1.078,-7.125,-11.372,-12.951,2.124,True,-1.053,1.053,0.211,1.474,15.789
reverse,etf,AWP,,abrdn Global Premier Properties Fund,NYSE,present,2026-02-09,3,1,1:3,2026-02-06,3.92,0.0,-1.01,0.513,-0.508,0.34,True,2.542,3.305,3.983,6.102,5.593
reverse,stock,EDHL,,Everbright Digital Holding Limited Ordinary Shares,NASDAQ,present,2026-02-09,16,1,1:16,2026-02-06,0.171,12.058,-22.096,-22.694,-24.736,31.944,True,-14.127,-22.715,-31.025,-18.283,-29.917
reverse,stock,FCUV,,Focus Universal Inc. Common Stock,NASDAQ,present,2026-02-09,10,1,1:10,2026-02-06,0.669,30.156,0.3,-10.561,-8.356,-8.819,True,0.656,-11.967,-17.705,-17.869,-15.0
reverse,etf,FNGD,,"MicroSectors FANG+ Index -3X Inverse Leveraged ETNs due January 8, 2038",ARCA,present,2026-02-09,10,1,1:10,2026-02-06,6.54,-5.08,1.711,9.182,14.336,-4.144,True,1.914,4.02,12.267,12.618,14.117
reverse,etf,GDXD,,MicroSectors Gold Miners -3x Inverse Leveraged ETN,ARCA,present,2026-02-09,10,1,1:10,2026-02-06,4.7,-16.519,-0.424,-1.468,-13.919,-17.319,True,-0.154,-8.904,11.348,2.419,-26.119
reverse,etf,HERZ,,"Herzfeld Credit Income Fund, Inc. Common Stock",NASDAQ,present,2026-02-09,10,1,1:10,2026-02-06,1.93,2.66,5.753,2.414,0.521,-2.176,True,-1.077,-2.304,-5.111,-7.044,-16.949
reverse,stock,PFSA,,"Profusa, Inc. Common Stock",NASDAQ,present,2026-02-09,75,1,1:75,2026-02-06,0.0583,6.387,-32.288,-36.284,-37.109,-27.73,True,-5.063,-6.962,-4.43,-40.506,-62.025
reverse,stock,UGRO,,,,missing (delisted since),2026-02-09,25,1,1:25,2026-02-06,0.154,12.163,5.479,5.479,15.269,-3.896,True,-1.351,-1.081,-7.838,-12.703,-30.541
reverse,stock,ANY,,Sphere 3D Corp. Common Shares,NASDAQ,present,2026-02-10,10,1,1:10,2026-02-09,0.17,-5.028,-7.709,-21.623,-27.721,-2.353,True,-14.458,-21.084,-18.675,-27.108,-13.253
reverse,stock,ATPC,,Agape ATP Corporation Common Stock,NASDAQ,present,2026-02-10,50,1,1:50,2026-02-09,0.0489,-0.204,-22.381,-41.786,-33.379,7.975,True,-4.924,-21.212,-14.394,-18.939,-29.545
reverse,stock,FGL,,Founder Group Limited Class A Ordinary Shares,NASDAQ,present,2026-02-10,100,1,1:100,2026-02-09,0.099,0.815,-26.883,-27.152,-27.206,55.96,True,-19.365,-21.826,16.58,-19.883,-20.661
reverse,stock,HCTI,,"Healthcare Triangle, Inc. Common Stock",NASDAQ,present,2026-02-10,60,1,1:60,2026-02-09,0.15,-2.724,-30.748,-35.567,-41.657,-8.0,True,-4.348,-12.681,3.019,-10.628,-29.831
reverse,stock,RUBI,,Rubico Inc. Common Stock,NASDAQ,present,2026-02-12,7.8,1,1:7.8,2026-02-11,0.5201,-8.626,-12.145,-10.328,-14.104,-35.417,True,-6.107,-10.687,-14.504,-49.618,-67.859
reverse,stock,CRE,,Cre8 Enterprise Limited Class A Ordinary Shares,NASDAQ,present,2026-02-13,12,1,1:12,2026-02-12,0.2326,-10.054,-23.487,-17.547,-10.573,-6.134,True,-5.916,-4.198,-4.58,-17.557,-4.962
reverse,stock,FGNX,,FG Nexus Inc. Common Stock,NASDAQ,present,2026-02-13,5,1,1:5,2026-02-12,1.71,-1.156,-3.39,-10.938,-3.933,2.222,True,-6.751,-10.069,-12.7,-22.082,-18.421
reverse,stock,EEIQ,,EpicQuest Education Group International Limited Common Stock,NASDAQ,present,2026-02-17,16,1,1:16,2026-02-13,0.1799,5.02,-18.597,-17.325,-16.481,23.854,True,-9.397,-12.763,-12.482,-18.654,-35.764
reverse,stock,INTJ,,Intelligent Group Limited Class A Ordinary Shares,NASDAQ,present,2026-02-17,20,1,1:20,2026-02-13,0.334,3.63,3.31,-4.571,4.245,0.299,True,4.776,6.567,8.051,5.821,4.627
reverse,stock,JFBR,,,,missing (delisted since),2026-02-17,14,1,1:14,2026-02-13,0.387,5.163,-14.0,-19.072,-25.72,-14.913,True,13.015,-3.037,-4.555,-6.291,-14.751
reverse,stock,SMX,,SMX (Security Matters) Public Limited Company Ordinary Shares,NASDAQ,present,2026-02-17,4.8828125,1,1:4.8828125,2026-02-13,11.0,-21.597,-34.25,-31.549,-30.512,-7.589,True,-6.074,-15.564,-25.677,-33.696,-34.502
reverse,stock,WTO,,,,missing (delisted since),2026-02-17,5,1,1:5,2026-02-13,0.6208,3.449,-10.302,1.954,-0.273,-16.881,True,2.326,29.07,21.318,30.62,23.643
reverse,stock,NDLS,,Noodles & Company Class A Common Stock,NASDAQ,present,2026-02-18,8,1,1:8,2026-02-17,0.4951,0.63,-0.98,1.872,-9.982,-1.535,True,15.897,34.359,32.564,39.744,70.0
reverse,stock,AURE,,Aurelion Inc. Class A Ordinary Shares,NASDAQ,present,2026-02-19,10,1,1:10,2026-02-18,0.21,-4.545,-9.287,-4.066,-13.651,-4.286,True,-12.935,-14.428,-13.433,-18.408,20.896
reverse,stock,INTS,,"Intensity Therapeutics, Inc. Common stock",NASDAQ,present,2026-02-19,25,1,1:25,2026-02-18,0.2451,9.714,-2.038,-33.953,-34.553,6.406,True,-10.123,-10.429,4.294,19.632,18.405
reverse,stock,ZDAI,,"DirectBooking Technology Co., Ltd. Class A Ordinary Shares",NASDAQ,present,2026-02-19,16,1,1:16,2026-02-18,0.4429,11.985,16.645,27.674,15.039,-25.209,True,-9.623,-20.377,-18.113,-15.094,-15.477
reverse,stock,ADVB,,Advanced Biomed Inc. Common Stock,NASDAQ,present,2026-02-20,20,1,1:20,2026-02-19,0.2267,6.382,-4.987,-5.581,-8.219,-11.778,True,1.5,-7.0,-1.5,1.56,11.5
reverse,stock,BYAH,,"Park Ha Biological Technology Co., Ltd. Class A Ordinary Shares",NASDAQ,present,2026-02-20,50,1,1:50,2026-02-19,0.0509,-0.391,-10.387,-16.83,-29.109,-10.413,True,-14.474,-19.737,-22.149,-19.298,-32.456
reverse,stock,BTM,,,,missing (delisted since),2026-02-23,7,1,1:7,2026-02-20,0.8948,-5.811,-6.068,-4.156,8.685,-8.04,True,-6.771,-12.326,-10.59,-16.493,-17.882
reverse,stock,DSY,,Big Tree Cloud Holdings Limited Class A Ordinary Shares,NASDAQ,present,2026-02-23,20,1,1:20,2026-02-20,0.1786,1.305,-10.745,-12.02,-13.048,-4.829,True,0.897,-0.868,-1.162,-11.163,-3.221
reverse,stock,MWG,,Multi Ways Holdings Limited,AMEX,present,2026-02-23,10,1,1:10,2026-02-20,0.2348,4.541,6.244,5.861,7.855,-9.284,True,16.432,6.573,2.817,-2.347,-1.878
reverse,stock,NBY,,,,missing (delisted since),2026-02-23,5,1,1:5,2026-02-20,0.6012,17.882,38.462,11.333,3.477,-30.14,True,-21.429,-26.19,-27.143,-31.905,-40.952
reverse,etf,BERZ,,MicroSectors FANG & Innovation -3x Inverse Leveraged ETN,ARCA,present,2026-02-24,20,1,1:20,2026-02-23,3.48,8.075,5.136,6.098,3.571,-5.876,True,-6.747,-4.412,-3.801,-2.442,-11.891
reverse,etf,BNKD,,"MicroSectors U.S. Big Banks -3x Inverse Leveraged ETNs due February 17, 2045",ARCA,present,2026-02-24,5,1,1:5,2026-02-23,10.55,11.098,8.907,12.974,4.89,0.683,True,-7.639,-10.997,1.497,0.792,10.202
forward,etf,BULZ,,MicroSectors FANG & Innovation 3x Leveraged ETN,ARCA,present,2026-02-24,1,10,10:1,2026-02-23,191.4,-7.317,-5.565,-6.103,-4.19,5.434,True,6.64,3.816,3.271,1.388,10.406
reverse,etf,DULL,,MicroSectors Gold -3x Inverse Leveraged ETN,ARCA,present,2026-02-24,50,1,1:50,2026-02-23,0.7984,-8.23,-13.724,-14.169,-12.743,4.158,True,0.35,-1.852,-5.769,2.742,-3.511
reverse,etf,FLYD,,MicroSectors Travel -3x Inverse Leveraged ETN,ARCA,present,2026-02-24,10,1,1:10,2026-02-23,7.79,11.691,8.194,16.321,5.556,-7.048,True,-2.82,-11.028,-5.456,1.504,11.659
reverse,stock,LFWD,,Lifeward Ltd. Ordinary Shares,NASDAQ,present,2026-02-24,12,1,1:12,2026-02-23,0.3829,-9.927,-26.365,-27.904,-24.98,9.036,True,20.16,29.142,47.705,27.745,26.747
reverse,etf,NRGD,,"MicroSectors U.S. Big Oil -3x Inverse Leveraged ETNs due February 17, 2045",ARCA,present,2026-02-24,5,1,1:5,2026-02-23,8.6057,0.957,2.242,-0.792,-2.856,-0.192,True,2.906,1.569,-4.554,-12.447,-11.586
reverse,etf,OILD,,MicroSectors Oil & Gas Exp. & Prod. -3x Inverse Leveraged ETN,ARCA,present,2026-02-24,10,1,1:10,2026-02-23,5.46,0.183,0.924,-2.326,-4.878,0.311,True,1.223,-0.018,-5.295,-8.435,-5.039
reverse,stock,RPGL,,Republic Power Group Limited Class A Ordinary Shares,NASDAQ,present,2026-02-24,20,1,1:20,2026-02-23,0.2744,-1.719,-10.385,-23.073,-28.727,16.983,True,-14.33,-36.293,-69.003,-69.315,-82.71
forward,etf,SHNY,,MicroSectors Gold 3x Leveraged ETN,ARCA,present,2026-02-24,1,10,10:1,2026-02-23,206.54,8.249,14.193,15.302,11.752,-4.135,True,-0.96,1.667,5.404,-5.101,0.0
forward,etf,SPYU,,MAX S&P 500 4x Leveraged ETN,ARCA,present,2026-02-24,1,2,2:1,2026-02-23,52.3,-4.107,-1.581,-2.68,-0.191,2.83,True,3.31,1.004,-1.116,-4.611,-7.103
reverse,stock,TRNR,,Interactive Strength Inc. Common Stock,NASDAQ,present,2026-02-24,10,1,1:10,2026-02-23,0.2191,-9.835,-48.892,-46.417,-43.633,4.975,True,-10.0,-15.217,-23.913,-36.522,-31.739
reverse,stock,SVRE,,SaverOne 2014 Ltd. American Depositary Shares,NASDAQ,present,2026-02-25,4,1,1:4,2026-02-24,0.688,-1.686,9.206,-0.722,-4.815,2.834,True,-2.12,-4.24,-12.014,1.413,-4.594
reverse,etf,CRCA,,ProShares Ultra CRCL,ARCA,present,2026-02-26,10,1,1:10,2026-02-25,3.66,70.233,71.831,61.233,60.526,9.126,True,-8.187,19.204,27.767,43.766,64.547
reverse,stock,FRSX,,Foresight Autonomous Holdings Ltd. American Depositary Shares,NASDAQ,present,2026-02-26,3,1,1:3,2026-02-25,0.8285,2.297,3.563,-1.369,-7.513,11.849,True,-4.676,-6.835,-8.094,-1.079,-1.079
reverse,stock,IXHL,,Incannex Healthcare Inc. Common Stock,NASDAQ,present,2026-02-26,30,1,1:30,2026-02-25,0.1586,-42.117,-42.159,-43.337,-39.0,-96.49,False,,,,,
reverse,etf,ZSL,,ProShares UltraShort Silver,ARCA,present,2026-02-26,10,1,1:10,2026-02-25,1.82,-3.191,0.552,-9.901,-25.41,-1.264,True,-11.408,-3.784,13.356,14.914,5.954
reverse,stock,PTLE,,PTL LTD Class A Ordinary Shares,NASDAQ,present,2026-02-27,80,1,1:80,2026-02-26,0.1151,3.229,3.414,3.694,2.13,-6.114,True,1.215,5.495,9.659,12.319,-11.972
forward,stock,SF,,Stifel Financial Corp.,NYSE,present,2026-02-27,1,1.5,1.5:1,2026-02-26,117.72,2.339,4.168,4.742,-1.424,-5.645,True,2.053,0.932,1.553,-1.215,-5.159
reverse,stock,SFHG,,Samfine Creation Holdings Group Limited Class A Ordinary Share,NASDAQ,present,2026-02-27,5,1,1:5,2026-02-26,0.5852,-4.113,-2.597,-2.467,-5.092,-0.547,True,-6.186,-3.093,-6.873,-8.591,-13.058
reverse,etf,SOLT,,Volatility Shares Trust 2x Solana ETF,NASDAQ,present,2026-02-27,20,1,1:20,2026-02-26,2.59,-8.156,17.195,18.265,7.025,-10.753,True,15.315,7.657,28.748,6.879,16.98
reverse,stock,VCIG,,VCI Global Limited Ordinary Share,NASDAQ,present,2026-02-27,60,1,1:60,2026-02-26,0.198,-14.875,-32.215,-31.912,-42.609,-23.064,True,-3.72,-12.144,-23.414,-57.877,-78.665
reverse,etf,XRPT,,Volatility Shares Trust 2x XRP ETF,NASDAQ,present,2026-02-27,20,1,1:20,2026-02-26,2.27,-10.277,3.653,3.653,-4.219,-5.903,True,6.507,0.094,15.847,-0.304,6.227
reverse,stock,BURU,,,,missing (delisted since),2026-03-02,4.99,1,1:4.99,2026-02-27,0.0955,0.0,0.0,0.0,0.0,-41.244,False,,,,,
reverse,stock,PPBT,,Purple Biotech Ltd. American Depositary Shares,NASDAQ,present,2026-03-02,10,1,1:10,2026-02-27,0.4424,-11.165,-15.103,-12.552,-10.644,-3.933,True,4.706,18.118,14.353,6.824,-3.765
reverse,stock,ZCMD,,Zhongchao Inc. Class A Ordinary Shares,NASDAQ,present,2026-03-02,8,1,1:8,2026-02-27,0.217,1.402,-9.432,-5.157,-5.979,6.855,True,-7.278,-9.973,-9.434,-6.199,-2.965
reverse,stock,GMGI,MRDN,,,missing (delisted since),2026-03-03,12,1,1:12,2026-03-02,0.6372,9.862,24.38,12.183,24.941,,,,,,,
forward,stock,BWAY,,Brainsway Ltd. American Depositary Shares,NASDAQ,present,2026-03-04,1,2,2:1,2026-03-03,23.18,-2.153,0.173,-0.961,-5.039,7.42,True,1.365,-0.884,1.687,10.602,7.952
reverse,stock,SPRC,,SciSparc Ltd. Ordinary Shares,NASDAQ,present,2026-03-04,9,1,1:9,2026-03-03,0.4801,-4.018,-13.495,-18.072,-8.343,19.882,True,7.336,7.529,8.301,-25.676,-9.653
reverse,stock,AEHL,,Antelope Enterprise Holdings Limited Class A Ordinary Shares,NASDAQ,present,2026-03-05,6,1,1:6,2026-03-04,0.3934,0.127,-26.164,-34.17,-23.907,-2.983,True,-3.493,-2.62,-2.183,-10.48,-27.511
reverse,etf,DUST,,Direxion Daily Gold Miners Index Bear 2X ETF,ARCA,present,2026-03-05,10,1,1:10,2026-03-04,4.14,-1.663,15.642,16.949,7.532,7.85,True,0.963,-1.053,-2.956,5.263,45.89
reverse,etf,HIBS,,Direxion Daily S&P 500 High Beta Bear 3X ETF,ARCA,present,2026-03-05,10,1,1:10,2026-03-04,4.23,-5.58,0.475,1.439,6.281,1.371,True,9.935,2.892,5.224,14.086,6.553
reverse,etf,JDST,,Direxion Daily Junior Gold Miners Index Bear 2X ETF,ARCA,present,2026-03-05,20,1,1:20,2026-03-04,1.36,-2.158,15.254,17.241,3.817,8.75,True,0.778,-0.676,-3.11,7.809,51.792
reverse,etf,SOXS,,Direxion Daily Semiconductor Bear 3X ETF,ARCA,present,2026-03-05,20,1,1:20,2026-03-04,1.93,-6.311,7.821,7.821,21.384,3.86,True,12.671,-0.773,-3.168,4.141,-4.939
reverse,stock,XTKG,,,,missing (delisted since),2026-03-05,30,1,1:30,2026-03-04,0.0446,2.294,-0.446,-10.081,-25.168,-2.093,True,-6.87,-12.214,-7.634,-4.58,-18.321
reverse,stock,BHAT,,,,missing (delisted since),2026-03-06,50,1,1:50,2026-03-05,0.0372,27.397,-0.8,-4.615,-33.214,-98.129,False,,,,,
reverse,stock,GSIW,,Garden Stage Limited Class A Ordinary Shares,NASDAQ,present,2026-03-06,200,1,1:200,2026-03-05,0.0501,-18.669,-44.333,-51.827,-55.108,-4.79,True,248.113,183.753,150.734,109.539,72.117
reverse,stock,TVGN,,Tevogen Inc. Common Stock,NASDAQ,present,2026-03-06,50,1,1:50,2026-03-05,0.1551,-16.702,-37.384,-37.661,-46.406,-5.738,True,6.019,6.566,2.326,-26.402,-28.591
reverse,stock,WCT,,Wellchange Holdings Company Limited Class A Ordinary shares,NASDAQ,present,2026-03-06,50,1,1:50,2026-03-05,0.0841,-10.627,-32.123,-32.72,-36.719,-14.388,True,13.333,8.611,4.444,8.611,-19.256
reverse,stock,DCOY,,Decoy Therapeutics Inc. Common Stock,NASDAQ,present,2026-03-09,12,1,1:12,2026-03-06,0.6318,8.464,-3.836,-4.287,-7.225,13.566,True,-4.066,-8.712,-13.009,-6.97,-13.241
reverse,stock,DTCK,,,,missing (delisted since),2026-03-09,20,1,1:20,2026-03-06,0.0715,-13.752,-24.258,-11.837,-27.778,74.126,False,,,,,
reverse,stock,KIDZ,,KIDZ AI Inc. Class B Common Stock,NASDAQ,present,2026-03-09,50,1,1:50,2026-03-06,0.068,-9.091,-29.24,-16.769,-25.602,-98.138,False,,,,,
forward,etf,APLX,,Tradr 2X Long APLD Daily ETF,BATS,present,2026-03-10,1,3,3:1,2026-03-09,46.13,15.124,-9.229,-12.995,-9.708,2.168,True,8.721,0.127,-2.355,0.764,-5.092
reverse,etf,APPX,,Investment Managers Series Trust II Tradr 2X Long APP Daily ETF,NASDAQ,present,2026-03-10,3,1,1:3,2026-03-09,16.05,6.151,3.415,14.479,41.285,-15.535,True,-6.836,-11.704,-8.175,-7.77,-17.581
reverse,stock,ARTL,,"Artelo Biosciences, Inc. Common Stock",NASDAQ,present,2026-03-10,3,1,1:3,2026-03-09,1.17,2.632,0.0,-2.5,2.632,15.385,True,2.222,-3.704,-7.16,19.753,42.963
reverse,etf,CRDU,,Tradr 2X Long CRDO Daily ETF,BATS,present,2026-03-10,3,1,1:3,2026-03-09,8.12,10.778,1.5,25.502,-3.103,-6.486,True,6.102,-1.668,9.482,-15.891,-22.081
reverse,etf,CRMX,,Tradr 2X Long CRML Daily ETF,BATS,present,2026-03-10,3,1,1:3,2026-03-09,5.7,1.604,-15.929,-21.271,-33.644,26.257,True,-7.781,-15.47,-19.685,-17.832,-39.231
reverse,stock,ELAB,,PMGC Holdings Inc. Common Stock,NASDAQ,present,2026-03-10,6,1,1:6,2026-03-09,0.7153,-3.299,1.389,-31.876,-37.254,3.744,True,-0.056,-1.179,2.864,-0.281,-35.093
reverse,etf,IREX,,Tradr 2X Long IREN Daily ETF,BATS,present,2026-03-10,3,1,1:3,2026-03-09,7.95,11.189,-7.666,-23.263,-15.426,-3.438,True,19.8,16.413,17.369,24.316,13.374
reverse,etf,JOBX,,Tradr 2X Long JOBY Daily ETF,BATS,present,2026-03-10,3,1,1:3,2026-03-09,9.26,9.198,8.051,1.982,-4.928,-3.644,True,8.04,-2.271,-2.943,0.584,-17.401
reverse,etf,LABX,,Tradr 2X Long ALAB Daily ETF,BATS,present,2026-03-10,3,1,1:3,2026-03-09,6.56,4.792,2.983,14.886,0.768,-9.502,True,14.149,5.839,6.513,19.147,6.569
forward,etf,LITX,,Tradr 2X Long LITE Daily ETF,BATS,present,2026-03-10,1,3,3:1,2026-03-09,79.51,29.369,-5.738,-15.594,-37.206,9.382,True,-0.103,-16.523,-15.04,-7.865,36.461
forward,etf,LRCU,,Tradr 2X Long LRCX Daily ETF,BATS,present,2026-03-10,1,3,3:1,2026-03-09,94.16,11.962,-3.928,-11.329,-17.541,3.706,True,3.041,-5.469,-3.103,9.8,21.813
reverse,etf,MUD,,Direxion Shares ETF Trust Direxion Daily MU Bear 1X ETF,NASDAQ,present,2026-03-10,10,1,1:10,2026-03-09,3.9434,-4.978,1.287,2.293,4.323,-3.662,True,-3.857,-0.756,-5.791,-13.372,-0.132
reverse,etf,OPEX,,Tradr 2X Long OPEN Daily ETF,BATS,present,2026-03-10,3,1,1:3,2026-03-09,8.79,2.209,-5.076,7.065,0.342,-3.261,True,11.682,-6.507,-2.234,22.423,4.469
reverse,etf,RGTU,,Tradr 2X Long RGTI Daily ETF,BATS,present,2026-03-10,3,1,1:3,2026-03-09,7.86,6.793,7.671,-1.75,-2.239,-6.404,True,-1.495,-10.874,-9.877,-9.832,-18.033
reverse,etf,SMU,,Tradr 2X Long SMR Daily ETF,BATS,present,2026-03-10,3,1,1:3,2026-03-09,6.03,8.065,-1.148,-6.221,-13.98,-2.432,True,5.949,-5.099,-3.909,5.779,-11.785
reverse,etf,TEMT,,Tradr 2X Long TEM Daily ETF,BATS,present,2026-03-10,3,1,1:3,2026-03-09,8.18,-0.122,-3.195,3.413,-4.662,-5.338,True,7.06,-6.07,-4.52,-1.291,-9.341
reverse,etf,TSLS,,Direxion Shares ETF Trust Direxion Daily TSLA Bear 1X ETF,NASDAQ,present,2026-03-10,10,1,1:10,2026-03-09,5.69,-0.524,1.789,1.971,1.066,-0.193,True,-2.166,0.951,1.99,-0.035,3.31
reverse,etf,UNX,,Tradr 2X Long U Daily ETF,BATS,present,2026-03-10,10,1,1:10,2026-03-09,2.91,13.672,4.301,8.178,25.431,-6.016,True,-5.994,-11.296,-12.157,-5.262,-24.054
reverse,stock,WLDS,,Wearable Devices Ltd. Ordinary Share,NASDAQ,present,2026-03-11,3,1,1:3,2026-03-10,0.68,-6.849,-12.865,-11.412,-5.843,-12.255,True,-10.056,-11.173,-17.318,-24.581,-25.14
reverse,stock,WLDSW,,Wearable Devices Ltd. Warrant,NASDAQ,present,2026-03-11,3,1,1:3,2026-03-10,1.4,0.0,0.0,0.0,0.0,-66.667,False,,,,,
reverse,stock,ELPW,,Elong Power Holding Limited Class A Ordinary Shares,NASDAQ,present,2026-03-12,80,1,1:80,2026-03-11,0.0523,-17.896,8.958,16.222,-32.949,-14.197,True,43.733,29.248,-1.95,-32.591,-37.326
reverse,stock,ZNB,,Zeta Network Group Class A Ordinary Shares,NASDAQ,present,2026-03-12,100,1,1:100,2026-03-11,0.1078,-32.877,-44.831,-51.089,-51.178,-19.202,True,-33.352,-54.076,-59.242,-62.113,-73.364
reverse,stock,KXIN,,Kaixin Holdings Ordinary Shares,NASDAQ,present,2026-03-13,15,1,1:15,2026-03-12,0.3588,-8.0,-8.235,-11.713,-6.172,-5.797,True,-9.27,-10.454,-8.087,-5.72,10.454
reverse,stock,PED,,PEDEVCO Corp.,AMEX,present,2026-03-13,20,1,1:20,2026-03-12,0.775,-3.137,16.84,1.004,21.302,17.29,True,-9.681,-7.536,-6.656,-1.155,-4.73
reverse,stock,STFS,,Star Fashion Culture Holdings Limited Class A Ordinary Shares,NASDAQ,present,2026-03-13,40,1,1:40,2026-03-12,0.1002,0.0,0.0,0.0,-1.086,1.547,True,1.474,-0.491,-1.474,-0.737,-1.474
reverse,stock,CLIR,,ClearSign Technologies Corporation Common Stock (DE),NASDAQ,present,2026-03-16,10,1,1:10,2026-03-13,0.4328,-1.636,-3.263,-24.203,-19.178,0.624,True,-7.233,-14.351,-17.107,-17.336,-11.596
reverse,stock,DXST,,Decent Holding Inc Class A Ordinary Shares,NASDAQ,present,2026-03-16,25,1,1:25,2026-03-13,0.229,-11.923,-48.202,-42.549,-18.214,15.284,True,-36.667,-39.394,-40.606,-50.455,-54.545
reverse,stock,HBIO,,"Harvard Bioscience, Inc. Common Stock",NASDAQ,present,2026-03-16,10,1,1:10,2026-03-13,0.4735,-4.15,-6.626,-10.677,-13.909,5.808,True,-2.794,-2.595,11.776,6.587,-6.986
reverse,stock,MASK,,3 E Network Technology Group Ltd Class A Ordinary Shares,NASDAQ,present,2026-03-16,25,1,1:25,2026-03-13,0.1354,17.739,-4.849,-9.733,-3.63,-4.874,True,-9.938,-35.714,-38.509,-35.093,-61.491
reverse,stock,NIVF,,NewGenIvf Group Limited Class A Ordinary Shares,NASDAQ,present,2026-03-16,4,1,1:4,2026-03-13,0.57,14.0,10.658,2.647,17.647,2.632,True,-15.385,-28.205,-31.624,-26.068,-16.667
reverse,stock,SKYQ,,Sky Quarry Inc. Common Stock,NASDAQ,present,2026-03-16,8,1,1:8,2026-03-13,0.36,3.093,2.857,2.857,4.348,18.403,True,3.519,15.836,-0.88,-13.636,-29.619
reverse,stock,UOKA,,,,missing (delisted since),2026-03-16,35,1,1:35,2026-03-13,0.0574,-14.963,-22.011,-19.041,-20.056,-5.426,True,-17.368,-23.684,-77.958,,
reverse,stock,XLO,,"Xilio Therapeutics, Inc. Common Stock",NASDAQ,present,2026-03-16,14,1,1:14,2026-03-13,0.5101,-0.235,-5.537,-8.911,-3.755,7.262,True,-3.003,-0.783,-4.83,2.611,7.507
reverse,stock,ZJYL,,JIN MEDICAL INTERNATIONAL LTD. Class A Ordinary Shares,NASDAQ,present,2026-03-16,20,1,1:20,2026-03-13,0.118,1.549,-17.077,-17.018,-18.9,6.78,True,-6.746,-10.714,-15.079,-19.841,-26.984
reverse,stock,COOK,,"Traeger, Inc.",NYSE,present,2026-03-18,50,1,1:50,2026-03-17,0.5983,-0.2,-8.307,1.407,1.769,11.382,True,-9.784,-12.425,-14.226,-26.711,-10.654
reverse,etf,HIMZ,,Tidal Trust II Defiance Daily Target 2X Long HIMS ETF,NASDAQ,present,2026-03-18,14,1,1:14,2026-03-17,2.5,0.806,1.215,8.696,10.132,-93.886,False,,,,,
reverse,etf,HOOX,,Tidal Trust II Defiance Daily Target 2X Long HOOD ETF,NASDAQ,present,2026-03-18,3,1,1:3,2026-03-17,8.29,5.471,11.275,3.109,-3.605,-68.878,False,,,,,
reverse,etf,IONX,,Tidal Trust II Defiance Daily Target 2X Long IONQ ETF,NASDAQ,present,2026-03-18,3,1,1:3,2026-03-17,9.63,0.313,2.013,1.368,-10.585,-68.674,False,,,,,
reverse,etf,RGTX,,Tidal Trust II Defiance Daily Target 2X Long RGTI ETF,NASDAQ,present,2026-03-18,4,1,1:4,2026-03-17,5.14,0.784,0.391,1.181,-9.982,-76.702,False,,,,,
reverse,etf,RIOX,,Defiance Daily Target 2X Long RIOT ETF,ARCA,present,2026-03-18,3,1,1:3,2026-03-17,7.4,3.641,9.403,1.928,-0.135,-69.369,False,,,,,
reverse,etf,SOUX,,Tidal Trust II Defiance Daily Target 2X Long SOUN ETF,NASDAQ,present,2026-03-18,4,1,1:4,2026-03-17,5.63,7.238,13.968,8.478,-3.07,-77.835,False,,,,,
reverse,etf,VSTL,,Tidal Trust II Defiance Daily Target 2X Long VST ETF,NASDAQ,present,2026-03-18,3,1,1:3,2026-03-17,11.69,2.905,6.661,5.601,-0.68,-64.129,False,,,,,
reverse,etf,MSTX,,Tidal Trust II Defiance Daily Target 2x Long MSTR ETF,NASDAQ,present,2026-03-19,10,1,1:10,2026-03-18,2.52,-13.103,-10.0,0.0,1.613,-3.333,True,-3.736,-0.411,-3.202,-8.251,-26.478
reverse,etf,SMCX,,Tidal Trust II Defiance Daily Target 2X Long SMCI ETF,NASDAQ,present,2026-03-19,2,1,1:2,2026-03-18,10.57,-7.443,-9.503,-3.116,-9.658,2.59,True,-66.571,-63.504,-61.222,-61.775,-59.378
reverse,stock,BTFL,,,,missing (delisted since),2026-03-20,2,1,1:2,2026-03-19,14.0283,6.5,-0.225,11.958,15.459,-15.706,True,9.414,-2.326,-0.011,-23.636,-4.757
reverse,stock,CIIT,,"Tianci International, Inc. Common Stock",NASDAQ,present,2026-03-20,7,1,1:7,2026-03-19,0.2697,6.181,13.99,-16.216,-10.1,-8.893,True,-5.233,-4.07,-3.488,-4.651,-0.581
reverse,stock,DKNX,,,,missing (delisted since),2026-03-20,5,1,1:5,2026-03-19,4.4356,-3.113,-2.754,-0.589,-5.626,-9.999,True,2.352,-3.341,-18.933,-24.543,-8.595
reverse,etf,IRE,,Defiance Daily Target 2X Long IREN ETF,ARCA,present,2026-03-20,4,1,1:4,2026-03-19,5.07,-2.874,-6.63,-14.79,-0.393,-1.677,True,3.962,-1.254,0.1,-29.438,-31.294
reverse,stock,MPL,,,,missing (delisted since),2026-03-20,3,1,1:3,2026-03-19,5.98,-15.297,-20.267,-20.267,-22.338,-9.866,True,9.524,10.019,12.062,4.329,-1.484
reverse,etf,ORCX,,Tidal Trust II Defiance Daily Target 2X Long ORCL ETF,NASDAQ,present,2026-03-20,3,1,1:3,2026-03-19,10.09,3.381,0.9,-0.787,-4.901,-7.697,True,6.049,-3.651,-5.297,-13.529,-6.693
reverse,stock,ORGN,,,,missing (delisted since),2026-03-20,30,1,1:30,2026-03-19,0.113,0.713,-4.075,-4.561,-9.6,-15.339,True,12.892,12.892,15.331,27.526,-20.557
reverse,etf,QSU,,Defiance Daily Target 2X Long QS ETF,ARCA,present,2026-03-20,6,1,1:6,2026-03-19,2.41,0.837,-1.633,0.0,-1.23,-6.846,True,10.987,3.712,5.688,-13.215,-12.376
reverse,stock,RKTL,,,,missing (delisted since),2026-03-20,2,1,1:2,2026-03-19,6.97,6.169,-3.194,-2.654,1.014,-13.702,True,9.028,6.926,9.16,-0.929,18.728
reverse,etf,STSM,,Defiance Daily Target 2X Short TSM ETF,ARCA,present,2026-03-20,3,1,1:3,2026-03-19,12.19,0.994,4.366,0.432,-1.931,-64.835,False,,,,,
reverse,etf,AVXX,,Tidal Trust II Defiance Daily Target 2x Long AVAV ETF,NASDAQ,present,2026-03-23,3,1,1:3,2026-03-20,4.13,-12.685,-16.901,-21.632,-10.022,9.201,True,-10.347,-7.687,-10.2,-28.112,-20.693
reverse,stock,AZI,,Autozi Internet Technology (Global) Ltd. Class A Ordinary Shares,NASDAQ,present,2026-03-23,10,1,1:10,2026-03-20,0.3045,8.75,-30.874,-35.922,-44.817,-12.315,True,-8.614,-2.996,-10.487,-27.341,-35.955
forward,stock,CLMB,,"Climb Global Solutions, Inc. Common Stock",NASDAQ,present,2026-03-23,1,4,4:1,2026-03-20,78.55,0.938,1.486,-1.727,-2.471,1.897,True,-1.249,4.048,-0.05,-3.098,4.448
forward,stock,DIT,,AMCON Distributing Co.,AMEX,present,2026-03-23,1,1.5,1.5:1,2026-03-20,115.0,-2.136,-2.954,-0.777,2.807,10.609,True,2.594,3.231,3.231,6.12,6.156
reverse,stock,EUDA,,EUDA Health Holdings Limited Ordinary Shares,NASDAQ,present,2026-03-23,20,1,1:20,2026-03-20,0.3661,-8.154,-22.106,-27.976,-25.362,-3.032,True,28.592,61.549,61.127,53.521,-0.141
reverse,stock,FCHL,,Fitness Champs Holdings Limited Common Stock,NASDAQ,present,2026-03-23,15,1,1:15,2026-03-20,0.1661,0.545,-8.936,-24.534,-24.603,-0.879,True,19.048,-30.758,43.748,-37.237,-2.818
reverse,stock,JDZG,,JIADE LIMITED Class A Ordinary Shares,NASDAQ,present,2026-03-23,25,1,1:25,2026-03-20,0.0928,23.24,-1.277,2.09,-13.271,-11.207,True,-16.505,-17.476,-7.282,-15.777,-21.359
reverse,etf,MST,,Tidal Trust II Defiance Leveraged Long Income MSTR ETF,NASDAQ,present,2026-03-23,7,1,1:7,2026-03-20,3.4553,-3.556,-7.365,-15.929,-5.204,2.972,True,-2.428,-0.586,-7.059,-21.109,-20.089
reverse,stock,OKLS,,,,missing (delisted since),2026-03-23,3,1,1:3,2026-03-20,19.5,2.308,8.696,22.411,13.902,-7.932,True,5.421,3.398,14.649,44.764,32.974
reverse,etf,OSCX,,Tidal Trust II Defiance Daily Target 2x Long OSCR ETF,NASDAQ,present,2026-03-23,4,1,1:4,2026-03-20,6.1847,-10.69,-14.332,-13.469,-9.553,-6.569,True,-3.0,-0.56,-6.265,-22.373,9.52
reverse,etf,QBTZ,,Tidal Trust II Defiance Daily Target 2x Short QBTS ETF,NASDAQ,present,2026-03-23,3,1,1:3,2026-03-20,15.21,3.752,8.798,21.292,22.169,-8.544,True,6.155,2.909,21.97,52.331,28.311
reverse,etf,QPUX,,Tidal Trust II Defiance 2X Daily Long Pure Quantum ETF,NASDAQ,present,2026-03-23,3,1,1:3,2026-03-20,5.8574,-6.131,-9.328,-16.442,-14.739,11.098,True,-2.214,-5.237,-15.635,-34.434,-26.664
reverse,etf,RKLZ,,Tidal Trust II Defiance Daily Target 2x Short RKLB ETF,NASDAQ,present,2026-03-23,8,1,1:8,2026-03-20,3.18,12.367,4.605,29.268,-6.195,-1.847,True,5.447,-16.38,-0.36,27.673,-11.093
forward,stock,SNEX,,StoneX Group Inc. Common Stock,NASDAQ,present,2026-03-23,1,1.5,1.5:1,2026-03-20,104.54,0.829,0.048,-3.738,0.937,1.774,True,4.469,6.802,9.911,9.897,22.501
reverse,stock,XFLT,,XAI Floating Rate & Alternative Income Trust,NYSE,present,2026-03-23,5,1,1:5,2026-03-20,3.18,-2.454,2.581,1.274,-1.548,-1.258,True,0.382,3.949,8.408,6.561,8.599
reverse,stock,YYGH,,,,missing (delisted since),2026-03-23,50,1,1:50,2026-03-20,0.0278,-7.947,-37.528,-26.842,-44.622,-10.791,True,-12.903,-12.097,-17.339,-13.71,-12.097
reverse,stock,FUBO,,FuboTV Inc.,NYSE,present,2026-03-24,12,1,1:12,2026-03-23,1.1,-2.655,-4.348,-3.509,-5.983,-8.939,True,-9.734,-19.634,-22.795,-21.298,0.25
forward,stock,PIPR,,Piper Sandler Companies,NYSE,present,2026-03-24,1,4,4:1,2026-03-23,298.99,1.604,1.143,1.126,2.643,-1.254,True,0.935,1.68,-1.07,3.712,10.5
reverse,stock,VIVK,VIVKD,"Vivakor, Inc. Common Stock",NASDAQ,present,2026-03-24,200,1,1:200,2026-03-23,0.0348,0.0,0.0,0.0,0.0,-99.5,False,,,,,
forward,stock,JFB,,JFB Construction Holdings Class A Common Stock,NASDAQ,present,2026-03-25,1,2,2:1,2026-03-24,19.63,5.765,18.754,7.916,10.157,-8.202,True,-8.657,-19.312,-27.969,-26.526,-28.08
reverse,stock,ONCO,,"Onconetix, Inc. Common Stock",NASDAQ,present,2026-03-25,5,1,1:5,2026-03-24,0.5735,-4.687,-7.5,18.762,9.509,5.667,True,6.271,-35.974,-48.185,-38.112,-59.736
reverse,stock,XTLB,,XTL Biopharmaceuticals Ltd. American Depositary Shares,NASDAQ,present,2026-03-25,4,1,1:4,2026-03-24,0.653,12.065,10.678,10.491,7.313,3.752,True,-2.952,-7.38,-3.69,-9.594,-8.487
reverse,stock,CMCT,,Creative Media & Community Trust Corporation Common stock,NASDAQ,present,2026-03-26,10,1,1:10,2026-03-25,0.0699,-20.296,-24.839,-44.524,-59.943,-5.508,True,-14.58,-3.225,-6.98,-25.814,-24.86
reverse,stock,RENX,,RenX Enterprises Corp. Common Stock,NASDAQ,present,2026-03-26,20,1,1:20,2026-03-25,0.0944,-0.736,-32.086,-32.907,-27.552,-3.602,True,-13.187,-12.637,-2.198,10.989,31.868
reverse,stock,ADV,,Advantage Solutions Inc. Class A Common Stock,NASDAQ,present,2026-03-27,25,1,1:25,2026-03-26,0.903,10.122,14.944,15.414,13.642,13.267,True,7.509,-17.325,-24.951,-7.9,13.962
reverse,stock,CDT,,CDT Equity Inc. Common Stock,NASDAQ,present,2026-03-27,25,1,1:25,2026-03-26,0.3928,-9.597,-20.454,-19.177,-18.506,-20.061,True,19.108,-35.032,-35.032,-49.682,-36.561
reverse,stock,IVF,,"INVO Fertility, Inc. Common Stock",NASDAQ,present,2026-03-27,5,1,1:5,2026-03-26,0.577,-8.18,-13.881,-16.377,-18.744,-7.106,True,-15.299,1.493,-2.612,-10.448,-21.269
reverse,stock,LBGJ,,Li Bang International Corporation Class A Ordinary Shares,NASDAQ,present,2026-03-27,100,1,1:100,2026-03-26,0.0103,-28.966,-49.261,-60.536,-67.302,-9.117,True,14.304,10.031,15.372,7.894,15.372
reverse,stock,TRUG,,"TruGolf Holdings, Inc. Class A Common Stock",NASDAQ,present,2026-03-27,10,1,1:10,2026-03-26,0.49,32.683,-15.532,-20.416,-17.076,-8.776,True,1.566,7.383,-7.83,-6.488,-15.66
reverse,stock,ATXG,,Addentax Group Corp. Common Stock,NASDAQ,present,2026-03-30,15,1,1:15,2026-03-27,0.3154,2.237,-14.757,-4.713,-2.171,-3.826,True,21.04,14.725,9.231,18.681,24.396
reverse,stock,EJH,,E-Home Household Service Holdings Limited Ordinary Shares,NASDAQ,present,2026-03-30,25,1,1:25,2026-03-27,0.1006,4.792,-0.789,-1.373,-2.045,-6.163,True,-7.627,-18.22,-15.254,-24.153,-22.881
reverse,stock,FBLG,,"FibroBiologics, Inc. Common Stock",NASDAQ,present,2026-03-30,20,1,1:20,2026-03-27,0.1966,-10.636,-25.389,-23.591,-22.598,-42.014,False,,,,,
reverse,stock,SVRN,,"SVRN, Inc. Common Stock",NASDAQ,present,2026-03-30,20,1,1:20,2026-03-27,0.3501,13.854,70.78,65.064,41.856,4.97,True,-3.401,-4.354,7.619,27.211,57.007
reverse,stock,AGL,,"agilon health, inc.",NYSE,present,2026-03-31,25,1,1:25,2026-03-30,0.3214,-18.879,-15.599,-24.766,-26.938,-1.556,True,23.262,35.777,76.485,133.502,239.823
reverse,stock,AKTX,,Akari Therapeutics plc ADS,NASDAQ,present,2026-03-31,40,1,1:40,2026-03-30,0.121,-4.196,-11.29,-11.42,-16.552,6.405,True,-9.709,-13.204,-31.262,-24.66,-10.485
reverse,stock,MODD,,"Modular Medical, Inc. Common Stock",NASDAQ,present,2026-03-31,30,1,1:30,2026-03-30,0.1516,-3.378,-12.874,-19.017,-14.736,16.095,True,1.894,-5.114,4.924,-3.409,-11.364
reverse,stock,PAVS,,Paranovus Entertainment Technology Ltd. Class A Ordinary Shares,NASDAQ,present,2026-03-31,12,1,1:12,2026-03-30,0.1658,-18.964,-33.997,-43.004,-44.043,7.057,True,-2.347,-13.615,-10.798,-12.676,-20.657
reverse,stock,AUUD,,Auddia Inc. Common Stock,NASDAQ,present,2026-04-01,7.7,1,1:7.7,2026-03-31,0.5679,-14.421,-25.881,-30.199,-23.329,24.633,True,-4.587,-12.661,-18.165,-30.275,-14.128
reverse,stock,BARK,,"BARK, Inc.",NYSE,present,2026-04-01,20,1,1:20,2026-03-31,0.5066,-1.016,-6.875,-8.241,-19.009,3.435,True,-5.344,-6.011,-15.553,-16.985,-1.908
reverse,stock,UCAR,,U Power Limited Class A Ordinary Shares,NASDAQ,present,2026-04-01,10,1,1:10,2026-03-31,0.038,-30.018,-34.82,-45.792,-66.841,58.684,True,9.519,-10.448,-8.557,171.973,90.713
reverse,stock,NCT,,Intercont (Cayman) Limited Class A Ordinary shares,NASDAQ,present,2026-04-02,25,1,1:25,2026-04-01,0.1057,43.81,57.292,8.969,9.875,4.447,True,-35.507,-40.942,-35.87,-16.667,-38.768
reverse,stock,PSTV,,,,missing (delisted since),2026-04-02,25,1,1:25,2026-04-01,0.1558,-4.182,-27.4,-32.261,-36.641,-8.601,True,-6.461,-17.978,-10.955,34.831,79.494
reverse,stock,AIIO,,Robo.ai Inc. Class B Ordinary Shares,NASDAQ,present,2026-04-06,20,1,1:20,2026-04-02,0.07,-22.652,-34.334,-18.888,-25.134,-32.164,True,-10.172,-12.467,-17.869,-28.325,-26.303
reverse,stock,BDRX,,Biodexa Pharmaceuticals plc American Depositary Shs,NASDAQ,present,2026-04-06,5,1,1:5,2026-04-02,0.8733,42.231,41.334,42.789,32.258,-11.371,True,-13.437,-9.302,-16.021,-19.897,11.886
forward,stock,BKNG,,Booking Holdings Inc. Common Stock,NASDAQ,present,2026-04-06,1,25,25:1,2026-04-02,4194.31,0.233,-0.38,1.865,-0.462,5.017,True,-1.578,2.73,0.233,0.602,8.99
reverse,stock,GNLN,,"Greenlane Holdings, Inc. Class A Common Stock",NASDAQ,present,2026-04-06,8,1,1:8,2026-04-02,0.3503,20.793,-5.324,9.503,-27.021,2.055,True,-2.797,-17.133,0.699,12.238,67.133
reverse,stock,HKIT,,Hitek Global Inc. Class A Ordinary Share,NASDAQ,present,2026-04-06,50,1,1:50,2026-04-02,0.0358,-26.033,-37.739,-10.5,-38.276,4.469,True,-11.23,-28.877,-39.572,-40.642,-47.107
reverse,stock,HTCR,,"Heartcore Enterprises, Inc. Common Stock",NASDAQ,present,2026-04-06,20,1,1:20,2026-04-02,0.1699,2.535,-24.253,-21.27,-28.703,14.479,True,-21.594,-7.455,-7.712,-18.252,-14.139
reverse,stock,INLF,,INLIF LIMITED Class A Ordinary Shares,NASDAQ,present,2026-04-06,16,1,1:16,2026-04-02,0.3226,16.504,-0.769,9.245,6.328,-9.379,True,-23.036,-21.325,-16.195,-16.195,-25.601
reverse,stock,LNKS,,Linkers Industries Limited Class A Ordinary Shares,NASDAQ,present,2026-04-06,250,1,1:250,2026-04-02,0.0083,-35.156,-65.126,-56.771,-66.8,12.289,True,-27.468,-15.021,-15.88,-6.009,-17.597
forward,stock,POWL,,"Powell Industries, Inc. Common Stock",NASDAQ,present,2026-04-06,1,3,3:1,2026-04-02,547.81,-1.126,1.244,9.004,4.466,2.254,True,8.023,16.79,23.613,22.638,29.418
reverse,stock,SKK,,SKK Holdings Limited Class A Ordinary Shares,NASDAQ,present,2026-04-06,10,1,1:10,2026-04-02,0.238,22.051,4.386,3.478,-5.217,7.563,True,1.953,-9.375,-2.945,-16.406,-18.164
reverse,stock,WNW,,Meiwu Technology Company Limited Ordinary Shares,NASDAQ,present,2026-04-06,100,1,1:100,2026-04-02,0.0506,-13.652,-37.531,-34.286,-44.334,-18.972,True,-15.854,-5.366,-12.683,-20.0,14.39
reverse,stock,XRTX,,XORTX Therapeutics Inc. Common Shares,NASDAQ,present,2026-04-06,5,1,1:5,2026-04-02,0.4295,1.297,5.012,12.141,24.493,8.033,True,-7.328,21.121,-1.509,-4.741,-3.017
reverse,stock,CHR,,"Cheer Holding, Inc. Class A Ordinary Share",NASDAQ,present,2026-04-07,3,1,1:3,2026-04-06,0.78,-1.887,-9.302,-11.984,-5.086,-0.0,True,-1.282,-26.496,-32.205,-34.615,-29.487
reverse,stock,MOBX,,"Mobix Labs, Inc. Class A Common Stock",NASDAQ,present,2026-04-07,10,1,1:10,2026-04-06,0.35,-2.886,25.179,4.759,-7.481,-4.286,True,-9.254,-20.299,-28.06,-21.493,-8.358
reverse,stock,JTAI,,Jet.AI Inc. Common Stock,NASDAQ,present,2026-04-08,200,1,1:200,2026-04-07,0.0385,-7.452,-52.528,-53.782,-52.528,-25.844,True,15.587,6.13,14.711,34.151,33.975
reverse,stock,NXTS,,Nexentis Technologies Inc. Common Stock,NASDAQ,present,2026-04-08,7,1,1:7,2026-04-07,0.5983,-1.918,-7.954,-9.018,-4.211,-11.416,True,25.337,14.555,14.286,7.817,23.987
reverse,stock,RDGT,,"Ridgetech, Inc. Ordinary Shares",NASDAQ,present,2026-04-08,150,1,1:150,2026-04-07,0.027,47.541,9.756,-2.878,-12.621,-26.173,True,-1.003,-15.719,-19.398,-29.097,-34.114
reverse,etf,SMUP,,T-REX 2X Long SMR Daily Target ETF,BATS,present,2026-04-08,25,1,1:25,2026-04-07,0.2972,-18.886,-19.436,-21.583,-21.272,14.266,True,-10.66,-12.956,-7.067,37.809,77.856
reverse,stock,RUBI,,Rubico Inc. Common Stock,NASDAQ,present,2026-04-09,10,1,1:10,2026-04-08,0.403,-12.752,-30.768,-23.977,-15.778,-2.978,True,-0.767,-4.859,-6.394,-12.404,-18.414
reverse,stock,AKAN,,Akanda Corp. Common Shares,NASDAQ,present,2026-04-13,4.5,1,1:4.5,2026-04-10,0.626,-5.581,-9.275,-11.707,-9.025,12.176,True,-0.949,4.747,4.114,8.231,282.911
reverse,stock,CENN,,Cenntro Inc. Common Stock,NASDAQ,present,2026-04-13,60,1,1:60,2026-04-10,0.0775,-9.038,-38.0,-37.399,-34.599,-13.978,True,-2.75,0.5,-4.0,-1.25,11.0
reverse,stock,HCAI,,"Huachen AI Parking Management Technology Holding Co., Ltd. Class A Ordinary Shares",NASDAQ,present,2026-04-13,30,1,1:30,2026-04-10,0.2132,-16.261,-44.753,-40.028,51.099,22.889,True,-18.702,-33.715,-42.748,-30.024,-15.776
reverse,stock,JEM,,707 Cayman Holdings Limited Ordinary Shares,NASDAQ,present,2026-04-13,20,1,1:20,2026-04-10,0.1123,-18.089,-45.432,3.312,13.434,-13.179,True,-17.949,-22.564,-13.846,-19.487,-33.333
reverse,stock,MSAI,,"MultiSensor AI Holdings, Inc. Common Stock",NASDAQ,present,2026-04-13,40,1,1:40,2026-04-10,0.15,-9.964,-9.201,-36.061,-37.448,1.333,True,-3.618,0.329,-2.303,8.882,-9.046
reverse,stock,NXPL,,NextPlat Corp Common Stock,NASDAQ,present,2026-04-13,10,1,1:10,2026-04-10,0.4829,-1.65,-10.408,0.187,7.55,12.031,True,-3.142,-3.142,1.109,8.503,28.096
reverse,stock,PN,,PN Smart Energy Limited Class A Ordinary Shares,NASDAQ,present,2026-04-13,20,1,1:20,2026-04-10,0.18,-4.306,-39.98,-33.579,-30.394,-25.0,True,-3.704,-14.074,15.926,1.852,-6.663
reverse,stock,QNCX,,"Quince Therapeutics, Inc. Common Stock",NASDAQ,present,2026-04-13,10,1,1:10,2026-04-10,0.1363,10.186,-25.56,-16.38,37.677,3.448,True,-11.348,-12.766,-4.965,-9.929,-8.511
reverse,stock,WFF,,WF Holding Limited Ordinary Shares,NASDAQ,present,2026-04-13,5,1,1:5,2026-04-10,0.21,-0.474,-23.358,-20.605,-16.0,14.286,True,11.667,40.0,25.833,14.167,16.667
reverse,stock,ITOC,,iTonic Holdings Ltd Class A Ordinary Shares,NASDAQ,present,2026-04-14,16,1,1:16,2026-04-13,0.281,0.357,-6.333,-9.646,-9.061,-93.77,False,,,,,
reverse,stock,BNRG,,,,missing (delisted since),2026-04-15,5,1,1:5,2026-04-14,0.5101,-13.101,-13.071,-12.967,-16.514,29.386,True,8.182,5.455,1.515,25.758,-19.697
reverse,etf,EOSU,,T-REX 2X Long EOSE Daily Target ETF,BATS,present,2026-04-15,25,1,1:25,2026-04-14,1.39,6.107,24.107,10.317,86.202,24.135,True,0.834,0.934,1.514,6.518,-22.294
reverse,stock,NMTC,,NeuroOne Medical Technologies Corporation Common Stock,NASDAQ,present,2026-04-16,6,1,1:6,2026-04-15,0.7401,1.384,-1.412,1.148,2.777,2.914,True,5.908,8.972,10.503,3.939,2.845
reverse,stock,PMAX,,Powell Max Limited Class A Ordinary Shares,NASDAQ,present,2026-04-17,10,1,1:10,2026-04-16,0.2209,-0.942,-28.349,-35.822,-48.508,14.531,True,-10.277,-9.881,-5.534,-5.929,-19.368
reverse,stock,CMCT,,Creative Media & Community Trust Corporation Common stock,NASDAQ,present,2026-04-20,10,1,1:10,2026-04-17,0.6157,9.946,-18.88,-23.028,24.058,3.947,True,0.937,-7.344,-13.438,-17.813,-15.313
reverse,stock,EHGO,,Eshallgo Inc. Class A Ordinary Shares,NASDAQ,present,2026-04-20,16,1,1:16,2026-04-17,0.1421,-10.46,-30.0,-31.683,-33.192,9.958,True,-11.2,-5.2,-9.6,-13.2,-18.792
reverse,stock,HUBC,,Hub Cyber Security Ltd. Ordinary Shares,NASDAQ,present,2026-04-20,50,1,1:50,2026-04-17,0.1483,-19.094,-42.962,16.772,29.407,-25.152,True,-54.414,-59.279,-68.649,-73.333,-90.989
reverse,stock,LRHC,,La Rosa Holdings Corp. Common Stock,NASDAQ,present,2026-04-20,10,1,1:10,2026-04-17,0.2651,-8.302,-35.749,-40.427,-37.624,9.393,True,9.655,-11.379,-28.966,-29.655,-36.207
reverse,stock,LXEH,,"Lixiang Education Holding Co., Ltd. American Depositary Shares",NASDAQ,present,2026-04-20,10,1,1:10,2026-04-17,0.162,-8.475,-10.0,-10.0,-12.95,4.247,True,-5.85,-8.219,-20.654,-26.575,-37.826
reverse,stock,RAYA,,Erayak Power Solution Group Inc. Class A Ordinary Shares,NASDAQ,present,2026-04-20,10,1,1:10,2026-04-17,0.4656,-12.234,-25.504,-25.432,-51.015,-7.002,True,-7.621,-12.702,-19.861,-21.478,-4.85
reverse,stock,TDIC,,Dreamland Limited Class A Ordinary Shares,NASDAQ,present,2026-04-20,5,1,1:5,2026-04-17,0.134,-1.903,1.515,0.149,1.362,-0.075,True,50.859,50.859,118.073,58.327,65.795
reverse,stock,WHLR,,"Wheeler Real Estate Investment Trust, Inc. Common Stock",NASDAQ,present,2026-04-20,3,1,1:3,2026-04-17,0.6713,-10.505,-15.877,-13.381,-18.63,7.255,True,-8.796,-9.722,-12.963,-12.5,-11.574
reverse,stock,KITT,,"Nauticus Robotics, Inc. Common stock",NASDAQ,present,2026-04-21,8,1,1:8,2026-04-20,0.3929,-3.012,-22.657,-27.241,-19.455,-4.556,True,-2.667,1.667,2.333,-8.333,-29.333
forward,etf,MGK,,Vanguard Morningstar Mega Cap Growth ETF,ARCA,present,2026-04-21,1,5,5:1,2026-04-20,414.43,-0.358,1.073,1.325,5.346,-0.623,True,2.027,0.607,2.295,1.639,3.399
forward,etf,VGT,,Vanguard Information Technology ETF,ARCA,present,2026-04-21,1,8,8:1,2026-04-20,809.13,0.441,2.171,3.203,6.709,-0.12,True,1.99,0.544,3.108,1.633,5.732
forward,etf,VO,,Vanguard Morningstar Mid-Cap ETF,ARCA,present,2026-04-21,1,4,4:1,2026-04-20,308.44,0.443,1.876,2.163,2.844,-0.597,True,-0.065,0.196,0.104,-0.835,1.37
forward,etf,VOOG,,Vanguard S&P 500 Growth ETF,ARCA,present,2026-04-21,1,6,6:1,2026-04-20,460.46,-0.497,0.896,1.073,4.517,-0.643,True,1.77,0.734,2.282,1.797,3.554
forward,etf,VUG,,Vanguard Morningstar Growth ETF,ARCA,present,2026-04-21,1,6,6:1,2026-04-20,492.58,-0.271,1.25,1.425,5.396,-0.727,True,1.865,0.663,2.147,1.558,3.448
reverse,stock,KUST,,"Kustom Entertainment, Inc. Common Stock",NASDAQ,present,2026-04-22,5,1,1:5,2026-04-21,0.82,2.5,4.061,5.142,-4.306,-7.561,True,12.929,1.847,0.792,-10.554,5.541
reverse,stock,TOUR,TOUR,Tuniu Corporation American Depositary Shares,NASDAQ,present,2026-04-22,10,1,1:10,2026-04-21,0.651,-5.652,-9.834,-8.772,-10.663,-7.834,True,11.667,16.833,16.333,16.5,0.667
reverse,stock,IPST,,"IP Strategy Holdings, Inc. Common Stock",NASDAQ,present,2026-04-23,20,1,1:20,2026-04-22,0.288,-10.864,-20.552,-26.267,-51.392,-4.514,True,4.182,-8.182,-11.818,1.091,6.909
reverse,etf,BULG,,Themes ETF Trust Leverage Shares 2X Long BULL Daily ETF,NASDAQ,present,2026-04-24,20,1,1:20,2026-04-23,2.0578,-9.348,-3.841,-3.39,12.448,-0.462,True,6.592,5.007,-5.628,2.205,1.713
reverse,stock,CUE,,"Cue Biopharma, Inc. Common Stock",NASDAQ,present,2026-04-24,30,1,1:30,2026-04-23,0.5542,-4.465,-17.284,-34.769,-9.915,6.43,True,1.328,-29.613,-26.533,71.913,97.796
reverse,etf,GEMG,,Themes ETF Trust Leverage Shares 2X Long GEMI Daily ETF,NASDAQ,present,2026-04-24,20,1,1:20,2026-04-23,0.5501,-11.001,-5.465,-11.687,-17.625,-2.375,True,-2.214,2.894,-12.483,14.518,25.389
reverse,stock,MSS,,Maison Solutions Inc. Class A Common Stock,NASDAQ,present,2026-04-24,10,1,1:10,2026-04-23,0.1127,-4.653,-17.737,-22.967,-18.333,3.815,True,9.402,8.547,4.274,4.274,6.838
reverse,stock,OIO,,OIO Group Ordinary Shares,NASDAQ,present,2026-04-24,3,1,1:3,2026-04-23,2.35,-7.843,-16.961,-20.068,-20.339,-58.44,False,,,,,
reverse,stock,SOWG,,Sow Good Inc. Common Stock,NASDAQ,present,2026-04-24,15,1,1:15,2026-04-23,0.1099,-8.264,-34.27,-54.189,-62.746,7.977,True,-7.303,-6.18,-8.708,-6.18,-18.539
reverse,stock,TDTH,,Trident Digital Tech Holdings Ltd Class B Ordinary Shares,NASDAQ,present,2026-04-24,30,1,1:30,2026-04-23,0.0683,-11.757,-8.69,-24.111,-31.426,-4.344,True,-9.694,12.245,1.02,25.0,-3.571
reverse,stock,AIOS,,AIOS Tech Inc. Class A Common Shares,NASDAQ,present,2026-04-27,20,1,1:20,2026-04-24,0.4165,5.63,-8.159,-25.251,-29.419,-0.6,True,8.454,6.401,12.56,87.44,116.546
reverse,stock,CISS,,C3is Inc. Common Stock,NASDAQ,present,2026-04-27,7,1,1:7,2026-04-24,0.4222,-1.837,-46.421,-47.799,-47.324,15.761,True,4.934,-5.881,-0.327,1.719,-2.958
reverse,stock,DRCT,,"Direct Digital Holdings, Inc. Class A Common Stock",NASDAQ,present,2026-04-27,4,1,1:4,2026-04-24,0.6086,-8.205,-13.796,-13.194,-13.181,0.641,True,17.143,16.735,21.224,73.061,51.429
reverse,stock,IMUX,,"Immunic, Inc. Common Stock",NASDAQ,present,2026-04-27,10,1,1:10,2026-04-24,0.8801,-4.16,-2.211,-2.309,-11.99,13.396,True,7.715,0.501,-3.607,6.413,20.24
reverse,stock,OCG,,Oriental Culture Holding LTD Ordinary Shares,NASDAQ,present,2026-04-27,3,1,1:3,2026-04-24,0.6148,-0.097,-0.839,-20.363,-19.844,7.352,True,-10.101,-11.616,-13.636,-16.667,-14.646
reverse,stock,UP,,Wheels Up Experience Inc.,NYSE,present,2026-04-27,20,1,1:20,2026-04-24,0.4161,5.368,4.025,2.488,2.488,-24.658,True,-1.754,-18.501,-14.195,-19.617,-17.703
reverse,stock,DGNX,,Diginex Limited Ordinary Shares,NASDAQ,present,2026-04-28,8,1,1:8,2026-04-27,0.4401,-6.758,-10.184,-15.3,-16.994,-25.585,True,-8.779,-30.534,-25.382,-30.916,-54.008
reverse,stock,ISPC,,iSpecimen Inc. Common Stock,NASDAQ,present,2026-04-28,40,1,1:40,2026-04-27,0.1231,-5.598,-24.106,-18.531,-7.583,-7.392,True,-6.36,14.693,23.246,30.044,-0.439
reverse,stock,VNRX,,VolitionRx Limited,AMEX,present,2026-04-28,20,1,1:20,2026-04-27,0.1362,-2.784,-5.417,-13.633,-16.544,2.056,True,-5.036,-5.755,-12.59,-16.187,-16.547
forward,stock,BRAI,,Braiin Limited Common Stock,NASDAQ,present,2026-04-29,1,3,3:1,2026-04-28,23.47,2.088,-0.929,10.603,8.985,-8.99,True,-1.264,3.792,2.528,-2.809,-0.305
reverse,stock,CTNT,,Cheetah Net Supply Chain Service Inc Class A Common Stock,NASDAQ,present,2026-04-29,200,1,1:200,2026-04-28,0.0235,-16.071,-44.706,-29.003,-47.191,-28.298,True,-3.561,-11.276,-15.134,-24.629,-32.641
forward,etf,HDV,,iShares Core High Dividend ETF,ARCA,present,2026-04-29,1,5,5:1,2026-04-28,134.49,0.87,0.351,-0.319,1.425,0.454,True,1.665,1.184,0.518,0.37,0.592
forward,etf,IWF,,iShares Russell 1000 Growth ETF,ARCA,present,2026-04-29,1,4,4:1,2026-04-28,476.29,-0.761,-0.595,0.685,1.067,-0.229,True,0.396,1.052,0.859,3.064,4.638
reverse,stock,AIRE,,reAlpha Tech Corp. Common Stock,NASDAQ,present,2026-04-30,25,1,1:25,2026-04-29,0.16,-10.112,-40.187,-42.446,-42.693,-23.25,True,6.84,6.515,-5.863,-16.124,-26.059
reverse,stock,BKYI,,"BIO-key International, Inc. Common Stock",NASDAQ,present,2026-04-30,10,1,1:10,2026-04-29,0.463,-9.711,-22.64,-23.936,-26.426,7.775,True,6.814,6.012,3.307,7.014,-30.661
reverse,stock,JAGX,,"Jaguar Health, Inc. Common Stock",NASDAQ,present,2026-04-30,35,1,1:35,2026-04-29,0.225,-6.639,-19.672,-41.98,-45.095,-11.619,True,-3.879,-53.305,-56.753,-57.184,-43.391
reverse,stock,UK,,Ucommune International Ltd Class A Ordinary Shares,NASDAQ,present,2026-04-30,10,1,1:10,2026-04-29,0.322,12.078,26.225,21.464,4.14,5.59,True,11.176,16.765,-2.353,-3.529,0.294
reverse,stock,GMEX,,GMEX ROBOTICS CORPORATION Class A Ordinary Shares,NASDAQ,present,2026-05-01,7,1,1:7,2026-04-30,0.3001,11.354,-11.709,-20.692,-19.759,1.871,True,-8.879,-12.617,-10.748,-5.607,-15.888
reverse,etf,MRAL,,GraniteShares ETF Trust GraniteShares 2x Long MARA Daily ETF,NASDAQ,present,2026-05-01,10,1,1:10,2026-04-30,5.82,22.526,16.168,12.573,0.692,-8.247,True,6.61,11.74,28.483,26.157,15.431
reverse,etf,MSTP,,GraniteShares ETF Trust GraniteShares 2x Long MSTR Daily ETF,NASDAQ,present,2026-05-01,20,1,1:20,2026-04-30,2.395,9.196,-0.622,-5.058,-8.762,14.06,True,6.469,10.343,10.082,10.13,-2.569
reverse,etf,SMCL,,GraniteShares ETF Trust GraniteShares 2x Long SMCI Daily ETF,NASDAQ,present,2026-05-01,20,1,1:20,2026-04-30,2.33,7.87,0.866,-3.719,3.556,-2.082,True,5.829,5.489,56.366,62.064,23.42
reverse,stock,TLIH,,Ten-League International Holdings Limited Ordinary Shares,NASDAQ,present,2026-05-01,10,1,1:10,2026-04-30,0.2427,-2.452,-2.92,-1.781,-0.533,50.803,True,0.546,9.29,12.568,6.557,-4.918
reverse,stock,ERNA,,Ernexa Therapeutics Inc. Common Stock,NASDAQ,present,2026-05-04,25,1,1:25,2026-05-01,0.1525,3.32,-18.623,-20.073,-20.449,-1.899,True,6.682,61.493,109.085,92.776,227.531
reverse,stock,FCHL,,Fitness Champs Holdings Limited Common Stock,NASDAQ,present,2026-05-04,30,1,1:30,2026-05-01,0.0865,-17.854,-38.522,-39.468,-52.989,18.69,True,-13.312,-16.558,-25.649,-48.377,-46.104
reverse,stock,INHD,,Inno Holdings Inc. Common Stock,NASDAQ,present,2026-05-04,20,1,1:20,2026-05-01,0.077,-10.88,-35.833,-3.75,-47.006,14.286,True,14.205,-1.136,-4.545,-15.909,-20.455
reverse,stock,LGHL,,Lion Group Holding Ltd. American Depositary Share,NASDAQ,present,2026-05-04,6,1,1:6,2026-05-01,0.791,-6.612,-8.279,-9.164,-25.377,-82.55,False,,,,,
reverse,stock,TRI,,Thomson Reuters Corporation Common Shares,NASDAQ,present,2026-05-04,2,1.96912,1.96912:2,2026-05-01,94.41,-1.338,1.201,5.028,5.192,-0.147,True,-0.303,-4.178,-2.486,-6.82,-6.005
reverse,stock,VEEE,,Twin Vee PowerCats Co. Common Stock,NASDAQ,present,2026-05-04,37,1,1:37,2026-05-01,0.1694,14.305,-0.353,-8.184,-14.874,-3.156,True,6.096,-0.988,5.931,25.865,2.801
reverse,etf,BAIG,,Themes ETF Trust Leverage Shares 2X Long BBAI Daily ETF,NASDAQ,present,2026-05-05,10,1,1:10,2026-05-04,3.7892,1.86,8.573,19.285,22.664,-0.995,True,9.903,-0.573,-0.6,-0.055,-16.107
reverse,etf,BMNG,,Themes ETF Trust Leverage Shares 2X Long BMNR Daily ETF,NASDAQ,present,2026-05-05,20,1,1:20,2026-05-04,1.53,8.511,13.333,20.472,10.072,2.843,True,-1.684,-9.279,-8.58,-12.806,-37.591
reverse,etf,CRCG,,Themes ETF Trust Leverage Shares 2X Long CRCL Daily ETF,NASDAQ,present,2026-05-05,10,1,1:10,2026-05-04,3.83,39.273,66.522,50.196,50.196,-8.825,True,13.345,-2.721,-3.465,13.144,-10.452
reverse,etf,CRWG,,Themes ETF Trust Leverage Shares 2X Long CRWV Daily ETF,NASDAQ,present,2026-05-05,10,1,1:10,2026-05-04,5.81,10.878,25.486,19.794,22.833,3.563,True,15.739,0.881,-22.669,-31.477,-41.782
reverse,etf,DUOG,,Themes ETF Trust Leverage Shares 2X Long DUOL Daily ETF,NASDAQ,present,2026-05-05,10,1,1:10,2026-05-04,3.85,-2.036,0.26,6.061,13.295,-11.2,True,1.85,18.494,6.494,2.925,18.385
reverse,etf,FIGG,,Themes ETF Trust Leverage Shares 2x Long FIG Daily ETF,NASDAQ,present,2026-05-05,20,1,1:20,2026-05-04,0.9912,13.035,26.091,38.32,31.042,-4.863,True,-1.22,12.142,12.248,-2.545,36.903
reverse,etf,GOVZ,,iShares 25+ Year Treasury STRIPS Bond ETF,BATS,present,2026-05-05,4,1,1:4,2026-05-04,8.86,-1.336,-0.895,-1.446,-2.154,1.1,True,0.949,0.335,1.033,-0.991,-4.689
reverse,stock,MIMI,,Mint Incorporation Limited Class A Ordinary Shares,NASDAQ,present,2026-05-06,10,1,1:10,2026-05-05,0.258,0.0,-11.674,-11.825,-19.626,1.55,True,3.053,10.687,6.107,14.122,25.191
reverse,stock,CHSN,,Chanson International Holding Class A Ordinary Shares,NASDAQ,present,2026-05-07,100,1,1:100,2026-05-06,0.0156,-28.44,-47.119,-45.455,-52.727,17.308,True,-19.126,-21.858,-26.23,-24.044,-27.869
forward,stock,SBS,,COMPANHIA DE SANEAMENTO B SICO DO ESTADO DE SAO PAULO-SABESP ADS'S,NYSE,present,2026-05-07,1,5,5:1,2026-05-06,33.16,-1.015,0.913,-0.391,0.668,-3.951,True,-0.314,-1.727,-5.181,-6.907,-10.361
reverse,stock,BNZI,,,,missing (delisted since),2026-05-08,20,1,1:20,2026-05-07,0.3185,44.707,13.507,-4.925,-1.788,-4.396,True,7.061,-21.018,-17.077,25.78,-43.35
forward,stock,CVNA,,Carvana Co.,NYSE,present,2026-05-08,1,5,5:1,2026-05-07,400.02,2.733,5.521,6.233,1.066,-2.58,True,-2.194,-5.414,-10.316,-13.818,-12.394
reverse,stock,OLOX,,Olenox Industries Inc. Common Stock,NASDAQ,present,2026-05-08,10,1,1:10,2026-05-07,0.4563,-0.977,-22.922,-24.366,-28.142,-0.723,True,4.636,-0.442,4.194,23.4,8.168
reverse,stock,AIXI,,XIAO-I Corporation American Depositary Shares,NASDAQ,present,2026-05-11,20,1,1:20,2026-05-08,0.6101,-15.604,-18.327,-24.679,-25.132,-3.868,True,2.131,-8.184,3.495,-3.41,22.762
reverse,stock,ASBP,,"Aspire Biopharma Holdings, Inc. Common Stock",NASDAQ,present,2026-05-11,30,1,1:30,2026-05-08,0.185,19.355,-0.538,-7.5,-12.818,-0.541,True,-6.341,-3.986,6.341,21.014,-8.152
reverse,stock,DKI,,DarkIris Inc. Class A Ordinary Shares,NASDAQ,present,2026-05-11,16,1,1:16,2026-05-08,0.3361,-9.407,-22.379,-13.108,-32.767,4.322,True,-1.783,5.348,-1.783,4.991,9.269
reverse,stock,KALA,,"KALA BIO, Inc. Common Stock",NASDAQ,present,2026-05-11,50,1,1:50,2026-05-08,0.0793,-4.573,-31.103,-29.26,-27.248,-1.387,True,-20.205,-21.739,-20.972,-30.691,-44.501
reverse,stock,SMX,,SMX (Security Matters) Public Limited Company Ordinary Shares,NASDAQ,present,2026-05-11,20,1,1:20,2026-05-08,1.11,-10.484,-27.451,-4.31,-30.189,-34.73,True,-36.853,-40.787,-33.402,-53.968,-38.923
reverse,stock,SLMT,,Brera Holdings PLC Class B Ordinary Shares,NASDAQ,present,2026-05-14,10,1,1:10,2026-05-13,0.559,-8.18,-13.695,-13.387,-18.974,9.66,True,-8.646,-21.37,-26.591,-7.178,-5.873
reverse,stock,EZRA,,"Reliance Global Group, Inc. Common Stock",NASDAQ,present,2026-05-18,40,1,1:40,2026-05-15,0.1205,5.702,-22.258,-19.774,-29.118,-5.394,True,-15.351,-14.474,-16.228,-12.719,-14.474
reverse,stock,FRGT,,"Freight Technologies, Inc. Ordinary Shares",NASDAQ,present,2026-05-18,5,1,1:5,2026-05-15,0.5101,-16.391,-45.091,-48.213,-37.465,15.272,True,10.204,36.054,28.912,25.51,29.252
reverse,stock,MI,,NFT Limited,AMEX,present,2026-05-18,80,1,1:80,2026-05-15,0.1958,-2.295,-4.114,-8.204,-7.336,20.659,True,4.921,0.265,-10.053,-24.127,-27.09
forward,etf,PALL,,abrdn Physical Palladium Shares ETF,ARCA,present,2026-05-18,1,5,5:1,2026-05-15,128.77,-1.792,-5.849,-5.344,-4.409,-0.714,True,-3.989,-2.19,-1.369,-1.682,-2.425
reverse,stock,PPCB,,"Propanc Biopharma, Inc. Common Stock",NASDAQ,present,2026-05-18,25,1,1:25,2026-05-15,0.068,-6.977,-26.882,-24.862,-23.251,20.588,True,-2.195,-14.146,-15.61,-15.122,-13.659
forward,etf,PPLT,,abrdn Physical Platinum Shares ETF,ARCA,present,2026-05-18,1,10,10:1,2026-05-15,179.03,-4.16,-8.42,-7.301,-3.752,-0.352,True,-2.354,-0.729,0.056,-0.561,-1.738
reverse,stock,RETO,,"ReTo Eco-Solutions, Inc. Class A Shares",NASDAQ,present,2026-05-18,4,1,1:4,2026-05-15,0.563,-10.635,-10.578,-7.961,-9.194,-4.529,True,3.721,3.721,16.744,8.372,7.442
reverse,stock,YMT,,Yimutian Inc. American Depositary Shares,NASDAQ,present,2026-05-18,15,1,1:15,2026-05-15,0.1235,-9.854,-15.986,-11.47,-14.296,18.883,True,-8.732,-49.144,-54.752,-51.869,-50.052
reverse,stock,YYAI,,AiRWA Inc. Common Stock,NASDAQ,present,2026-05-18,40,1,1:40,2026-05-15,0.3746,-10.746,-45.218,-44.668,-49.88,-23.986,True,6.936,-4.741,-0.966,2.195,-13.696
reverse,stock,EZGO,,EZGO Technologies Ltd. Ordinary Shares,NASDAQ,present,2026-05-19,150,1,1:150,2026-05-18,0.0134,-25.556,-49.813,-58.255,-66.5,8.458,True,-7.798,-19.725,-25.688,-37.156,-27.982
reverse,stock,NCI,,Neo-Concept International Group Holdings Limited Class A Ordinary Shares,NASDAQ,present,2026-05-19,8,1,1:8,2026-05-18,1.0,-5.66,-2.913,-7.407,-10.714,5.625,True,6.746,6.509,12.071,11.953,19.408
reverse,stock,CMND,,Clearmind Medicine Inc. Common Shares,NASDAQ,present,2026-05-21,10,1,1:10,2026-05-20,0.252,6.644,-33.702,-51.538,-51.538,-2.381,True,-8.13,5.285,0.813,45.528,61.789
reverse,stock,HAO,,Haoxi Health Technology Limited Class A Ordinary Shares,NASDAQ,present,2026-05-21,128,1,1:128,2026-05-20,0.0141,0.714,-20.787,-37.333,-59.13,-14.672,True,-12.987,-29.221,-35.805,-31.818,-42.552
reverse,stock,ONCO,,"Onconetix, Inc. Common Stock",NASDAQ,present,2026-05-21,10,1,1:10,2026-05-20,0.11,-6.383,-64.017,-70.588,-71.576,10.909,True,1.639,3.279,-4.098,-1.639,-15.574
reverse,stock,IPW,,iPower Inc. Common Stock,NASDAQ,present,2026-05-22,8,1,1:8,2026-05-21,0.5041,-13.086,-36.583,-41.37,-45.796,5.882,True,-8.197,-10.07,0.0,-3.747,-22.482
reverse,stock,LNAI,,Lunai Bioworks Inc. Common Stock,NASDAQ,present,2026-05-22,8,1,1:8,2026-05-21,0.2901,29.105,15.947,12.224,4.881,-2.62,True,-6.637,15.929,34.513,30.973,4.867
reverse,stock,LZMH,,LZ Technology Holdings Limited Class B Ordinary Shares,NASDAQ,present,2026-05-22,20,1,1:20,2026-05-21,0.065,2.848,-20.732,-21.592,-22.803,6.923,True,-12.95,-15.108,-7.914,-11.511,-8.633
reverse,stock,NAKA,,Nakamoto Inc. Common Stock,NASDAQ,present,2026-05-22,40,1,1:40,2026-05-21,0.1656,4.877,-2.988,-2.588,-10.0,9.149,True,-24.066,-25.311,-22.545,-27.663,-35.27
reverse,stock,UBXG,,,,missing (delisted since),2026-05-22,25,1,1:25,2026-05-21,0.129,12.467,7.5,-5.217,-8.769,-3.256,True,9.936,-0.962,5.769,2.564,1.763
reverse,stock,PRTS,,"CarParts.com, Inc. Common Stock",NASDAQ,present,2026-05-26,10,1,1:10,2026-05-22,0.6193,-3.701,-6.167,-4.782,-9.313,-4.57,True,0.677,-1.692,-6.261,6.937,0.677
reverse,stock,TJGC,,TJGC Group Limited Class A Ordinary Shares,NASDAQ,present,2026-05-26,3,1,1:3,2026-05-22,2.19,0.0,0.0,0.0,0.0,-66.667,False,,,,,
reverse,stock,VSA,,VisionSys AI Inc. American Depositary Shares,NASDAQ,present,2026-05-26,10,1,1:10,2026-05-22,0.3249,-1.336,-0.945,6.84,-8.915,22.191,True,-9.068,-6.297,-2.141,16.625,11.839
reverse,stock,WGRX,,,,missing (delisted since),2026-05-26,50,1,1:50,2026-05-22,0.0827,-22.71,-35.891,-50.774,-0.958,-7.618,True,-17.277,-2.618,-10.471,11.257,-4.974
reverse,stock,CUPR,,Cuprina Holdings (Cayman) Limited Class A Ordinary Shares,NASDAQ,present,2026-05-27,8,1,1:8,2026-05-26,0.2452,-9.118,-12.115,-7.367,-11.576,12.918,True,48.984,8.352,20.09,27.765,2.032
reverse,stock,SDOT,,Sadot Group Inc. Common Stock,NASDAQ,present,2026-05-27,20,1,1:20,2026-05-26,0.1443,-9.925,-20.32,-18.796,-25.772,-0.554,True,11.15,-4.878,8.014,135.192,879.443
reverse,etf,BIS,,ProShares Trust ProShares UltraShort Nasdaq Biotechnology,NASDAQ,present,2026-05-28,2,1,1:2,2026-05-27,8.4733,-0.611,-1.302,-0.781,-6.887,-2.098,True,0.255,4.015,10.29,1.139,1.644
reverse,etf,BOIL,,ProShares Ultra Bloomberg Natural Gas,ARCA,present,2026-05-28,2,1,1:2,2026-05-27,13.26,4.657,4.082,-2.999,-12.069,12.783,True,0.401,-6.051,-7.188,3.377,-12.705
reverse,etf,BZQ,,ProShares UltraShort MSCI Brazil Capped,ARCA,present,2026-05-28,2,1,1:2,2026-05-27,10.882,1.987,1.068,4.937,-1.787,0.222,True,1.135,2.351,1.634,7.462,7.244
reverse,etf,COIA,,ProShares Ultra COIN,ARCA,present,2026-05-28,2,1,1:2,2026-05-27,4.92,-6.994,-11.986,-20.13,-20.13,9.045,True,7.829,-0.098,-9.085,-19.478,-24.79
reverse,etf,EFZ,,ProShares Trust Short MSCI EAFE,ARCA,present,2026-05-28,2,1,1:2,2026-05-27,11.6887,0.432,-0.623,-0.479,-2.601,-0.159,True,0.077,0.153,-0.129,0.036,0.341
reverse,etf,EMTY,,ProShares Decline of the Retail Store ETF,ARCA,present,2026-05-28,2,1,1:2,2026-05-27,12.1133,-0.876,-0.19,-0.516,-2.455,-1.853,True,1.216,2.491,3.455,4.036,-0.932
forward,etf,NOBL,,ProShares S&P 500 Dividend Aristocrats ETF,BATS,present,2026-05-28,1,2,2:1,2026-05-27,107.9,0.167,0.065,0.54,1.381,0.074,True,-0.611,-0.926,-0.556,0.333,2.482
reverse,etf,REW,,Proshares UltraShort Technology,ARCA,present,2026-05-28,2,1,1:2,2026-05-27,6.413,1.072,-4.284,-6.174,-11.917,-2.758,True,-4.595,-9.078,-11.444,-6.753,1.506
reverse,stock,RPGL,,Republic Power Group Limited Class A Ordinary Shares,NASDAQ,present,2026-05-28,40,1,1:40,2026-05-27,0.253,1.2,-12.759,-7.597,7.022,-4.15,True,2.165,5.361,16.082,-69.794,-74.742
reverse,etf,RXD,,ProShares UltraShort Health Care,ARCA,present,2026-05-28,2,1,1:2,2026-05-27,9.8822,0.022,1.72,-0.581,-2.253,-3.135,True,1.91,4.629,6.533,-1.417,-4.168
reverse,etf,SBB,,ProShares Short SmallCap600,ARCA,present,2026-05-28,2,1,1:2,2026-05-27,11.78,-0.233,-1.728,-2.711,-4.923,0.276,True,0.55,0.955,0.105,-0.343,-1.861
reverse,etf,SCO,,ProShares UltraShort Bloomberg Crude Oil,ARCA,present,2026-05-28,4,1,1:4,2026-05-27,6.87,3.308,8.019,10.096,17.839,-2.074,True,2.155,-3.047,-5.611,-4.534,-1.226
reverse,etf,SDP,,ProShares UltraShort Utilities,ARCA,present,2026-05-28,2,1,1:2,2026-05-27,11.0513,1.241,1.112,-0.727,-3.389,2.419,True,1.063,7.124,3.061,2.677,2.232
reverse,etf,SIJ,,ProShares UltraShort Industrials,ARCA,present,2026-05-28,2,1,1:2,2026-05-27,8.855,0.283,-0.617,-4.299,-6.465,0.843,True,0.821,1.416,-0.376,-2.526,-1.623
reverse,etf,SLON,,ProShares Ultra Solana ETF,ARCA,present,2026-05-28,5,1,1:5,2026-05-27,4.9344,0.702,-1.901,-9.461,-1.701,-4.183,True,-0.085,-2.155,-15.99,-30.795,-35.491
reverse,etf,SMN,,ProShares UltraShort Materials,ARCA,present,2026-05-28,2,1,1:2,2026-05-27,10.1459,-0.841,-3.554,-4.291,-8.513,-0.6,True,0.834,1.836,-0.297,-0.823,0.171
reverse,etf,SZK,,ProShares UltraShort Consumer Staples,ARCA,present,2026-05-28,2,1,1:2,2026-05-27,10.799,-2.624,0.407,0.104,3.089,0.519,True,3.633,6.15,6.414,6.102,-2.001
reverse,etf,UXRP,,Proshares Ultra XRP ETF,ARCA,present,2026-05-28,5,1,1:5,2026-05-27,3.39,-0.587,-1.739,-7.88,-5.042,-1.593,True,0.779,-2.638,-14.688,-21.223,-26.439
reverse,stock,HKIT,,Hitek Global Inc. Class A Ordinary Share,NASDAQ,present,2026-05-29,3,1,1:3,2026-05-28,0.5441,1.247,-22.271,-18.791,-22.271,-10.556,True,350.685,-57.534,-69.164,-80.747,-65.582
reverse,stock,SLXN,,Silexion Therapeutics Corp Ordinary Shares,NASDAQ,present,2026-05-29,10,1,1:10,2026-05-28,0.4276,2.714,-0.396,-14.48,-19.29,14.815,True,1.436,1.64,-1.008,-4.878,-36.246
reverse,stock,CDTG,,CDT Environmental Technology Investment Holdings Limited ordinary shares,NASDAQ,present,2026-06-01,25,1,1:25,2026-05-29,0.2498,-12.197,-31.637,-14.744,-19.419,15.292,True,-0.833,-3.75,-32.639,-44.306,-61.389
reverse,stock,DAIC,,"CID HoldCo, Inc. Common Stock",NASDAQ,present,2026-06-01,25,1,1:25,2026-05-29,0.1401,2.637,-23.022,-24.556,-21.513,29.622,True,-16.079,-32.159,-33.04,-50.22,-60.132
reverse,stock,JDZG,,JIADE LIMITED Class A Ordinary Shares,NASDAQ,present,2026-06-01,10,1,1:10,2026-05-29,4.8,14.833,19.701,40.351,36.752,20.104,True,10.824,16.219,-13.27,-13.27,-13.27
reverse,stock,SBFM,,Sunshine Biopharma Inc. Common Stock,NASDAQ,present,2026-06-01,10,1,1:10,2026-05-29,0.2541,-19.842,-40.127,-38.992,-50.794,-5.943,True,8.787,11.297,7.531,1.674,-4.603
reverse,stock,SCYX,,"SCYNEXIS, Inc. Common Stock",NASDAQ,present,2026-06-01,8,1,1:8,2026-05-29,0.705,-4.121,0.585,3.524,-0.704,-5.496,True,-4.315,-12.383,-8.443,-16.51,-23.265
reverse,stock,SMX,,SMX (Security Matters) Public Limited Company Ordinary Shares,NASDAQ,present,2026-06-01,2.285,1,1:2.285,2026-05-29,7.0,3.704,-12.39,-20.904,-7.407,8.409,True,9.227,-8.016,-13.264,-14.475,-16.032
reverse,stock,TBH,,,,missing (delisted since),2026-06-01,8,1,1:8,2026-05-29,0.57,-10.938,-17.511,-22.973,-12.308,9.868,True,0.399,-0.998,-3.593,-16.168,-19.361
reverse,stock,ZOOZ,,ZOOZ Strategy Ltd. Ordinary Shares,NASDAQ,present,2026-06-01,20,1,1:20,2026-05-29,0.304,5.118,2.357,1.333,10.949,0.0,True,2.961,-3.618,-5.099,-10.773,-7.73
reverse,etf,COYY,,GraniteShares ETF Trust GraniteShares YieldBOOST COIN ETF,NASDAQ,present,2026-06-02,6,1,1:6,2026-06-01,3.49,-0.286,-0.57,0.576,-2.786,-1.075,True,-2.871,-2.727,-5.387,-5.753,-6.058
reverse,etf,MTYY,,GraniteShares ETF Trust GraniteShares YieldBOOST MSTR ETF,NASDAQ,present,2026-06-02,6,1,1:6,2026-06-01,3.9343,-2.132,-1.643,-2.604,-4.752,-2.609,True,-0.37,-0.501,-3.181,-4.567,-5.394
reverse,stock,PRHI,,"Presurance Holdings, Inc. Common Stock",NASDAQ,present,2026-06-02,7,1,1:7,2026-06-01,0.7326,24.127,12.621,4.702,1.44,11.345,True,1.576,-0.35,-6.83,-11.996,-15.412
reverse,etf,TSYY,,GraniteShares ETF Trust GraniteShares YieldBOOST TSLA ETF,NASDAQ,present,2026-06-02,8,1,1:8,2026-06-01,2.99,-2.288,-3.079,-2.606,-2.288,-0.251,True,0.168,-0.084,-3.94,-2.137,-1.341
reverse,stock,WYHG,,Wing Yip Food Holdings Group Limited American Depositary Shares,NASDAQ,present,2026-06-02,4,1,1:4,2026-06-01,0.8576,5.227,-3.151,-0.418,-7.973,13.106,True,-12.371,-9.021,2.577,-0.258,5.412
reverse,stock,AIIO,,Robo.ai Inc. Class B Ordinary Shares,NASDAQ,present,2026-06-03,10,1,1:10,2026-06-02,2.76,-5.479,16.456,1.845,-9.804,-89.783,False,,,,,
reverse,etf,APLZ,,Tradr 2X Short APLD Daily ETF,BATS,present,2026-06-03,5,1,1:5,2026-06-02,2.66,0.0,-2.206,5.976,-13.636,12.782,True,2.4,24.2,15.2,25.533,-12.6
reverse,etf,BEZ,,Tradr 2X Short BE Daily ETF,BATS,present,2026-06-03,10,1,1:10,2026-06-02,1.605,-21.324,-15.079,-11.326,-4.179,10.218,True,-3.279,15.828,24.081,40.984,-7.236
forward,etf,GEVX,,Tradr 2X Long GEV Daily ETF,BATS,present,2026-06-03,1,3,3:1,2026-06-02,61.0,4.506,0.527,-4.851,-18.515,-2.131,True,0.302,-6.181,-6.03,-18.995,17.085
reverse,etf,NBIZ,,Tradr 2X Short NBIS Daily ETF,BATS,present,2026-06-03,10,1,1:10,2026-06-02,0.9104,5.86,-27.458,-30.238,-42.197,7.206,True,-6.557,16.291,26.332,33.504,-29.508
forward,etf,NEBX,,Tradr 2X Long NBIS Daily ETF,BATS,present,2026-06-03,1,3,3:1,2026-06-02,168.65,-3.623,24.732,30.061,52.818,-6.825,True,7.102,-19.397,-26.48,-30.851,19.263
reverse,stock,PW,,Power REIT,AMEX,present,2026-06-03,10,1,1:10,2026-06-02,0.83,7.989,5.989,16.41,43.128,11.446,True,2.919,-4.001,7.892,39.676,1.081
reverse,stock,SILO,,"Silo Pharma, Inc. Common Stock",NASDAQ,present,2026-06-03,15,1,1:15,2026-06-02,0.3501,5.262,-18.201,-17.429,-14.818,16.729,True,-0.326,-3.752,2.121,4.405,-5.22
forward,etf,SNXX,,Tradr 2X Long SNDK Daily ETF,BATS,present,2026-06-03,1,8,8:1,2026-06-02,225.76,-4.497,2.618,9.242,15.929,10.206,True,-4.855,-26.72,-19.228,-19.003,12.54
forward,etf,WDCX,,Tradr 2X Long WDC Daily ETF,BATS,present,2026-06-03,1,3,3:1,2026-06-02,110.26,6.183,12.121,11.973,14.723,11.337,True,-6.94,-27.737,-23.338,-34.115,35.386
reverse,stock,ICCM,,IceCure Medical Ltd. Ordinary Shares,NASDAQ,present,2026-06-04,30,1,1:30,2026-06-03,0.1517,9.137,-24.565,-30.731,-32.668,14.7,True,-16.379,-30.268,-46.169,-48.659,3.448
reverse,stock,WXM,,WF International Limited Ordinary Shares,NASDAQ,present,2026-06-04,10,1,1:10,2026-06-03,0.3799,-0.026,-19.632,-17.771,-17.413,57.936,True,-19.167,-21.667,-20.5,-24.833,-19.167
reverse,stock,CETX,,Cemtrex Inc. Common Stock,NASDAQ,present,2026-06-05,10,1,1:10,2026-06-04,0.5451,-8.078,-41.45,-43.407,-40.75,1.266,True,-5.072,-13.043,-22.101,-30.797,-30.616
reverse,stock,SMSI,,"Smith Micro Software, Inc. Common Stock",NASDAQ,present,2026-06-05,5,1,1:5,2026-06-04,0.807,0.248,-4.168,-8.295,1.217,-9.542,True,-2.466,1.096,-1.644,-21.233,-16.712
reverse,stock,CDLX,,"Cardlytics, Inc. Common Stock",NASDAQ,present,2026-06-08,10,1,1:10,2026-06-05,0.5984,-1.918,-7.938,-8.15,-11.322,-13.102,True,-8.462,-7.115,-1.538,3.077,2.692
reverse,stock,FEMY,,Femasys Inc. Common Stock,NASDAQ,present,2026-06-08,20,1,1:20,2026-06-05,0.3064,-14.222,-16.762,-17.479,-20.827,-12.043,True,-2.597,-12.245,-11.317,-26.16,-25.603
reverse,stock,HUBC,,Hub Cyber Security Ltd. Ordinary Shares,NASDAQ,present,2026-06-08,20,1,1:20,2026-06-05,0.191,-5.446,-70.597,-60.208,-26.848,-53.927,False,,,,,
reverse,stock,KIDZ,,KIDZ AI Inc. Class B Common Stock,NASDAQ,present,2026-06-08,10,1,1:10,2026-06-05,0.2387,-11.691,-32.513,-29.608,-40.637,1.801,True,-1.852,-27.16,-23.868,-30.453,-59.675
forward,etf,SNDU,,T-REX 2X Long SNDK Daily Target ETF,BATS,present,2026-06-08,1,3,3:1,2026-06-05,109.35,-23.139,-28.994,-19.625,-17.503,10.672,True,0.992,-0.347,29.053,60.486,33.218
reverse,stock,ZCMD,,Zhongchao Inc. Class A Ordinary Shares,NASDAQ,present,2026-06-08,31,1,1:31,2026-06-05,0.026,-28.177,-51.852,-52.555,-84.431,7.258,True,-9.416,-11.949,-16.645,-20.185,-44.754
reverse,stock,OPAD,,Offerpad Solutions Inc. Class A Common Stock,NASDAQ,present,2026-06-09,10,1,1:10,2026-06-08,0.5401,-12.506,-27.014,-29.018,-34.928,-5.758,True,-5.108,-0.393,-2.75,-3.34,-12.377
reverse,stock,GMM,,Global Mofy AI Limited Class A Ordinary Shares,NASDAQ,present,2026-06-11,50,1,1:50,2026-06-10,0.0587,-45.598,-35.066,-27.798,-53.19,-1.874,True,16.667,19.444,24.306,21.528,-8.681
reverse,stock,SHPH,,"Shuttle Pharmaceuticals Holdings, Inc. Common Stock",NASDAQ,present,2026-06-11,10,1,1:10,2026-06-10,0.489,8.066,0.991,7.709,-6.679,-14.519,True,-6.459,-10.048,-2.392,-17.225,-3.828
reverse,stock,AERT,,"Aeries Technology, Inc. Class A Ordinary Share",NASDAQ,present,2026-06-12,8,1,1:8,2026-06-11,0.66,31.658,-16.53,-15.902,-21.241,9.848,True,-7.414,10.69,20.517,24.483,24.828
reverse,stock,AIFA,,"All In FutureTech Alliance, Inc. Common Stock",NASDAQ,present,2026-06-12,6,1,1:6,2026-06-11,0.3732,5.483,0.892,6.659,-6.933,5.395,True,-2.119,-7.627,-9.322,-0.847,-2.119
forward,stock,KLAC,,KLA Corporation Common Stock,NASDAQ,present,2026-06-12,1,10,10:1,2026-06-11,2411.64,12.924,12.727,14.401,13.164,5.546,True,0.739,-6.761,-6.211,5.744,9.37
reverse,stock,XXII,,"22nd Century Group, Inc. Common Stock",NASDAQ,present,2026-06-12,20,1,1:20,2026-06-11,0.316,-5.361,-13.425,-38.748,-39.114,3.56,True,-6.188,-12.299,-15.966,-31.398,-40.413
reverse,stock,AMOD,,"Alpha Modus Holdings, Inc. Class A Common Stock",NASDAQ,present,2026-06-15,40,1,1:40,2026-06-12,0.1332,-11.846,-23.711,-22.738,-37.17,7.357,True,-10.49,-24.301,-29.895,-32.867,-25.524
reverse,stock,AVX,,Avax One Technology Ltd. Common Shares,NASDAQ,present,2026-06-15,12,1,1:12,2026-06-12,0.4173,12.784,1.164,0.313,4.039,6.239,True,9.398,7.707,4.699,6.579,-2.444
reverse,stock,TDIC,,Dreamland Limited Class A Ordinary Shares,NASDAQ,present,2026-06-15,25,1,1:25,2026-06-12,0.2297,-26.684,-36.194,-41.343,2.545,-5.442,True,39.963,43.462,12.891,18.416,4.236
reverse,stock,AIFU,,AIFU Inc. Class A Ordinary Share,NASDAQ,present,2026-06-16,20,1,1:20,2026-06-15,2.69,-0.555,-4.61,6.746,11.157,-5.483,True,-0.433,-3.029,-11.406,-7.945,-14.454
reverse,stock,UPLD,,"Upland Software, Inc. Common Stock",NASDAQ,present,2026-06-17,10,1,1:10,2026-06-16,0.6064,-6.908,-11.15,-17.597,-18.385,-14.743,True,0.387,-6.48,-6.19,-16.634,-5.222
reverse,stock,VMAR,,Vision Marine Technologies Inc. Common Shares,NASDAQ,present,2026-06-17,10,1,1:10,2026-06-16,0.261,-4.115,-19.692,-25.429,-27.298,34.1,True,-15.143,-23.714,-22.286,-45.429,-58.857
reverse,stock,WHLR,,"Wheeler Real Estate Investment Trust, Inc. Common Stock",NASDAQ,present,2026-06-18,4,1,1:4,2026-06-17,0.819,-3.647,1.424,-10.959,-11.364,5.922,True,9.51,-14.409,-29.971,-56.196,-78.746
reverse,stock,WOK,,WORK Medical Technology Group LTD Class A Ordinary Shares,NASDAQ,present,2026-06-18,100,1,1:100,2026-06-17,0.0432,-14.793,-49.592,-42.629,-56.8,-25.926,True,-4.688,-18.125,-23.125,-30.625,-34.063
reverse,stock,BMGL,,Basel Medical Group Ltd Ordinary Shares,NASDAQ,present,2026-06-22,12,1,1:12,2026-06-18,0.6171,3.889,-2.048,1.33,6.709,0.088,True,-6.499,-5.15,-9.467,-8.253,-19.182
reverse,stock,BOXL,,Boxlight Corporation Class A Common Stock,NASDAQ,present,2026-06-22,6,1,1:6,2026-06-18,0.5973,-11.707,-14.757,-17.409,-22.429,-0.053,True,-0.611,36.241,25.632,28.423,32.332
reverse,stock,LABT,,Lakewood-Amedex Biotherapeutics Inc. Common Stock,NASDAQ,present,2026-06-22,10,1,1:10,2026-06-18,0.3861,-35.885,-47.398,-47.754,-46.583,-5.465,True,8.767,1.918,-6.027,-4.658,-34.521
reverse,stock,LHSW,,Lianhe Sowell International Group Ltd Class A Ordinary Shares,NASDAQ,present,2026-06-22,16,1,1:16,2026-06-18,0.112,-5.882,-22.06,-28.662,-31.034,16.629,True,-6.699,-8.612,-21.531,-16.268,90.909
reverse,stock,ORIS,,,,missing (delisted since),2026-06-22,4,1,1:4,2026-06-18,0.51,-5.73,-10.792,-9.091,-10.211,18.627,True,-24.38,,,,
reverse,stock,POM,,POMDOCTOR LIMITED American Depositary Shares,NASDAQ,present,2026-06-22,18,1,1:18,2026-06-18,0.0719,-17.451,-20.728,-26.633,-33.733,8.175,True,-0.714,-5.0,1.429,5.714,8.571
reverse,stock,WLDS,,Wearable Devices Ltd. Ordinary Share,NASDAQ,present,2026-06-22,3,1,1:3,2026-06-18,0.6721,-20.696,-16.218,-31.905,-16.113,-9.736,True,3.846,3.846,-2.198,-9.341,-12.088
reverse,stock,WLDSW,,Wearable Devices Ltd. Warrant,NASDAQ,present,2026-06-22,3,1,1:3,2026-06-18,4.46,2.765,0.677,0.677,-32.012,-44.619,False,,,,,
reverse,stock,WTO,,,,missing (delisted since),2026-06-22,10,1,1:10,2026-06-18,0.5271,-25.456,-43.194,-46.395,-37.996,10.985,True,4.444,1.197,8.526,14.53,
reverse,stock,FCUV,,Focus Universal Inc. Common Stock,NASDAQ,present,2026-06-23,4,1,1:4,2026-06-22,0.543,-6.701,-20.147,-24.499,-34.578,89.227,False,,,,,
reverse,stock,ILLR,,Triller Group Inc. Common Stock,NASDAQ,present,2026-06-23,10,1,1:10,2026-06-22,0.1475,-6.17,-1.863,-11.411,-34.735,-50.481,False,,,,,
reverse,stock,YYGH,,,,missing (delisted since),2026-06-23,30,1,1:30,2026-06-22,0.0724,-9.838,-43.832,-48.652,-39.16,-1.934,True,-19.249,-40.376,-33.333,-41.784,-33.333
reverse,stock,AMIX,,"Autonomix Medical, Inc. Common Stock",NASDAQ,present,2026-06-24,21,1,1:21,2026-06-23,0.359,-5.477,-1.428,-7.712,-9.799,-4.364,True,-11.512,-20.666,-19.001,-4.3,-10.402
reverse,stock,DD,,"DuPont de Nemours, Inc. Common Stock",NYSE,present,2026-06-24,3,1,1:3,2026-06-23,46.67,-3.154,-2.18,-2.669,-3.852,-1.564,True,-0.015,-0.435,-1.509,0.472,-2.199
reverse,stock,NAMI,,Jinxin Technology Holding Company American Depositary Shares,NASDAQ,present,2026-06-25,25,1,1:25,2026-06-24,0.199,-9.215,-5.866,-20.654,-20.08,-12.764,True,-13.594,-15.438,-21.659,-16.359,-14.055
forward,etf,DLLL,,GraniteShares ETF Trust GraniteShares 2x Long DELL Daily ETF,NASDAQ,present,2026-06-26,1,8,8:1,2026-06-25,180.71,-11.22,-8.672,-4.829,-5.605,-7.52,True,10.531,19.483,16.324,7.851,15.079
forward,etf,INTW,,GraniteShares ETF Trust GraniteShares 2x Long INTC Daily ETF,NASDAQ,present,2026-06-26,1,8,8:1,2026-06-25,371.09,2.243,1.15,-11.485,18.133,-7.925,True,6.181,18.637,-2.552,-10.396,-37.532
forward,etf,MULL,,GraniteShares ETF Trust GraniteShares 2x Long MU Daily ETF,NASDAQ,present,2026-06-26,1,25,25:1,2026-06-25,1030.59,32.107,30.555,-3.971,28.406,-14.466,True,3.063,4.424,-17.13,-25.525,-33.296
forward,etf,MVLL,,GraniteShares ETF Trust GraniteShares 2x Long MRVL Daily ETF,NASDAQ,present,2026-06-26,1,3,3:1,2026-06-25,155.42,3.738,1.668,-17.619,-7.554,-11.073,True,8.704,24.593,2.887,-15.042,-36.466
reverse,stock,NUWE,,"Nuwellis, Inc. Common Stock",NASDAQ,present,2026-06-26,35,1,1:35,2026-06-25,0.0946,6.292,-26.094,-27.231,-31.449,-0.332,True,-3.636,-7.576,-4.848,-0.303,-15.152
forward,etf,NVDL,,GraniteShares ETF Trust GraniteShares 2x Long NVDA Daily ETF,NASDAQ,present,2026-06-26,1,3,3:1,2026-06-25,86.15,-3.039,-4.416,-12.28,-9.086,-3.958,True,3.046,8.086,5.656,3.445,11.313
reverse,stock,RUBI,,Rubico Inc. Common Stock,NASDAQ,present,2026-06-26,25,1,1:25,2026-06-25,0.239,-21.096,-38.875,-41.679,-52.2,11.297,True,-12.632,-18.346,-15.338,-24.06,-31.579
forward,etf,SMCL,,GraniteShares ETF Trust GraniteShares 2x Long SMCI Daily ETF,NASDAQ,present,2026-06-26,1,3,3:1,2026-06-25,43.3614,-4.742,-10.132,-21.032,25.322,-6.807,True,-16.11,-9.28,-19.673,-22.494,-20.564
reverse,stock,VRAX,,Virax Biolabs Group Limited Ordinary Shares,NASDAQ,present,2026-06-26,25,1,1:25,2026-06-25,0.135,2.273,-12.847,-17.178,-20.118,-7.852,True,4.823,-5.466,-11.897,0.0,30.868
forward,etf,VRTL,,GraniteShares ETF Trust GraniteShares 2x Long VRT Daily ETF,NASDAQ,present,2026-06-26,1,3,3:1,2026-06-25,150.0,5.634,4.858,-18.893,2.088,-13.423,True,1.62,20.336,3.653,7.349,-1.568
reverse,stock,GDC,,GD Culture Group Limited Common Stock,NASDAQ,present,2026-06-29,250,1,1:250,2026-06-26,0.0119,-13.139,-44.907,-43.062,-34.254,-16.303,True,-17.671,-9.237,-2.811,-30.924,-41.365
reverse,stock,GIBO,,GIBO Holdings Limited Class A Ordinary Shares,NASDAQ,present,2026-06-29,25,1,1:25,2026-06-26,1.25,0.0,0.0,-7.407,-7.407,-96.0,False,,,,,
reverse,stock,HON,,Honeywell International Inc. Common Stock,NASDAQ,present,2026-06-29,2,1,1:2,2026-06-26,232.21,0.419,2.106,4.425,1.397,-50.95,False,,,,,
reverse,stock,MNDR,,Mobile-health Network Solutions Class A Ordinary Shares,NASDAQ,present,2026-06-29,6,1,1:6,2026-06-26,0.535,4.086,13.806,-5.826,-12.324,11.215,True,-14.286,-9.244,-8.123,-9.804,-9.804
reverse,stock,PAVS,,Paranovus Entertainment Technology Ltd. Class A Ordinary Shares,NASDAQ,present,2026-06-29,100,1,1:100,2026-06-26,0.073,-12.679,-45.359,-50.171,-51.007,-15.753,True,20.813,15.122,14.146,3.089,-19.512
reverse,etf,XXRP,,Teucrium 2x Long Daily XRP ETF,ARCA,present,2026-06-29,10,1,1:10,2026-06-26,2.06,2.488,-3.286,-12.34,-17.6,5.437,True,-5.249,-2.716,2.348,8.379,5.939
reverse,stock,ZCMD,,Zhongchao Inc. Class A Ordinary Shares,NASDAQ,present,2026-06-29,3,1,1:3,2026-06-26,0.3176,-12.747,-22.537,-33.501,-51.003,24.895,True,-11.765,-5.882,-6.723,84.874,44.538
reverse,stock,HCWB,,HCW Biologics Inc. Common Stock,NASDAQ,present,2026-06-30,6,1,1:6,2026-06-29,0.876,-14.951,-21.786,-21.081,-24.483,-5.061,True,-8.216,-13.828,-7.415,-11.222,-13.828
reverse,stock,JBDI,,JBDI Holdings Limited Ordinary Shares,NASDAQ,present,2026-06-30,2,1,1:2,2026-06-29,0.61,10.909,17.624,8.734,2.092,8.197,True,-2.273,-8.333,-6.818,-14.394,-2.273
reverse,stock,QNCX,,"Quince Therapeutics, Inc. Common Stock",NASDAQ,present,2026-06-30,20,1,1:20,2026-06-29,0.9206,-2.427,-5.686,-3.268,-0.755,-1.206,True,-7.916,-5.278,-6.652,-5.168,2.144
reverse,stock,TRNR,,Interactive Strength Inc. Common Stock,NASDAQ,present,2026-06-30,7,1,1:7,2026-06-29,0.58,-0.685,7.887,5.187,6.052,16.01,True,-7.643,-10.828,-10.191,-36.306,-35.032
reverse,stock,ALIT,,"Alight, Inc.",NYSE,present,2026-07-01,20,1,1:20,2026-06-30,0.56,1.892,-2.997,-0.762,6.931,22.589,True,3.86,21.704,38.674,34.232,57.101
forward,etf,BFOR,,Barron's 400 ETF,ARCA,present,2026-07-01,1,4,4:1,2026-06-30,95.6191,0.793,1.166,1.601,3.002,-0.23,True,-0.083,0.063,-0.88,-0.75,-1.195
forward,stock,MLI,,"Mueller Industries, Inc.",NYSE,present,2026-07-01,1,2,2:1,2026-06-30,122.93,0.081,-4.111,-8.527,-9.829,-6.581,True,-1.602,-1.01,-3.048,0.766,2.699
reverse,stock,MQ,,"Marqeta, Inc. Class A Common Stock",NASDAQ,present,2026-07-01,4,1,1:4,2026-06-30,4.06,-2.871,-2.871,2.785,6.005,2.34,True,4.753,1.264,-4.152,-6.679,7.641
reverse,stock,RMTI,,"Rockwell Medical, Inc. Common Stock",NASDAQ,present,2026-07-01,10,1,1:10,2026-06-30,0.5505,-6.282,-15.438,-15.412,-17.528,-5.722,True,6.744,7.9,17.534,11.079,10.405
reverse,etf,UVIX,,2x Long VIX Futures ETF,BATS,present,2026-07-01,20,1,1:20,2026-06-30,3.09,-4.63,-11.714,-10.951,-14.876,1.1,True,-0.832,-6.642,-4.577,-5.714,-8.131
forward,stock,CRWD,,"CrowdStrike Holdings, Inc. Class A Common Stock",NASDAQ,present,2026-07-02,1,4,4:1,2026-07-01,772.74,1.258,4.015,10.22,14.817,0.412,True,2.784,0.33,-1.474,-3.506,4.691
reverse,stock,GMEX,,GMEX ROBOTICS CORPORATION Class A Ordinary Shares,NASDAQ,present,2026-07-02,9,1,1:9,2026-07-01,0.401,4.102,-27.104,-24.354,-36.146,7.786,True,-17.995,-33.162,-41.902,-45.758,-61.954
reverse,stock,HKIT,,Hitek Global Inc. Class A Ordinary Share,NASDAQ,present,2026-07-02,25,1,1:25,2026-07-01,0.2163,-23.838,-28.895,-23.838,-19.321,-96.949,False,,,,,
reverse,stock,ABTC,,American Bitcoin Corp. Class A Common Stock,NASDAQ,present,2026-07-06,15,1,1:15,2026-07-02,0.5617,-9.998,-17.53,-21.408,-20.417,0.766,True,-23.204,-30.978,-29.564,-37.75,-32.038
reverse,stock,CRIS,,"Curis, Inc. Common Stock",NASDAQ,present,2026-07-06,20,1,1:20,2026-07-02,0.3466,-17.887,-33.614,-21.584,68.416,-14.31,True,-10.943,-16.919,-16.498,-20.034,-23.906
reverse,stock,HKIT,,Hitek Global Inc. Class A Ordinary Share,NASDAQ,present,2026-07-06,25,1,1:25,2026-07-02,0.165,-23.717,-41.901,-45.759,-25.976,3.758,True,-2.57,-0.234,0.0,-8.411,-29.206
reverse,stock,INLF,,INLIF LIMITED Class A Ordinary Shares,NASDAQ,present,2026-07-06,200,1,1:200,2026-07-02,0.0216,-34.146,-62.435,-67.273,-28.0,47.685,True,-16.144,-38.715,-43.103,-53.762,-63.95
reverse,stock,JZ,,Jianzhi Education Technology Group Company Limited American Depositary Shs,NASDAQ,present,2026-07-06,30,1,1:30,2026-07-02,0.097,-28.148,-34.768,-35.676,-30.216,2.749,True,11.706,7.023,29.431,32.107,-26.421
reverse,stock,NIPG,,NIP Group Inc. American Depositary Shares,NASDAQ,present,2026-07-06,30,1,1:30,2026-07-02,0.247,-1.24,-3.175,-8.856,-11.47,10.393,True,-4.818,-13.693,-21.15,-21.763,-42.299
reverse,stock,NIVF,,NewGenIvf Group Limited Class A Ordinary Shares,NASDAQ,present,2026-07-06,3,1,1:3,2026-07-02,0.4608,-16.416,-14.03,-11.163,-23.059,7.784,True,-12.081,-10.738,-12.081,-5.369,-12.081
reverse,stock,NTCL,,NETCLASS TECHNOLOGY INC Class A Ordinary Shares,NASDAQ,present,2026-07-06,50,1,1:50,2026-07-02,0.0907,-11.252,-34.748,-29.853,-41.484,1.874,True,-5.628,-11.905,-6.494,-6.926,-14.719
reverse,stock,SLAI,,,,missing (delisted since),2026-07-06,7,1,1:7,2026-07-02,0.442,-5.292,-3.683,-23.99,-3.282,5.688,True,-1.835,-4.587,-4.587,-0.917,
reverse,stock,SNAL,,"Snail, Inc. Class A Common Stock",NASDAQ,present,2026-07-06,5,1,1:5,2026-07-02,0.617,0.669,-0.516,-2.835,4.205,-0.486,True,18.567,32.248,27.036,50.163,62.866
reverse,stock,SRXH,,SRX Global Inc,AMEX,present,2026-07-06,60,1,1:60,2026-07-02,0.0907,0.0,0.0,0.0,0.0,-66.556,False,,,,,
reverse,etf,TXXS,,Listed Funds Trust 21Shares 2x Long Sui ETF,NASDAQ,present,2026-07-06,10,1,1:10,2026-07-02,2.36,6.787,12.114,8.756,20.5,3.465,True,-3.188,-10.487,-8.549,-8.263,3.882
reverse,stock,CGTL,,Creative Global Technology Holdings Limited Class A Ordinary Shares,NASDAQ,present,2026-07-07,15,1,1:15,2026-07-06,0.3077,-12.336,-17.107,-16.86,-23.572,-1.852,True,-0.221,-2.539,-0.662,-2.208,-1.766
reverse,stock,NCRA,,"Nocera, Inc. Common Stock",NASDAQ,present,2026-07-07,30,1,1:30,2026-07-06,0.0657,-0.455,-34.692,-30.476,-33.636,1.471,True,-8.5,-18.0,-20.5,-27.5,-25.0
reverse,stock,PFSA,,"Profusa, Inc. Common Stock",NASDAQ,present,2026-07-07,25,1,1:25,2026-07-06,0.114,21.925,-12.308,-2.146,-0.35,-1.404,True,-14.591,-9.609,-24.555,-28.47,-28.826
reverse,stock,SVC,,Service Properties Trust Common Shares of Beneficial Interest,NASDAQ,present,2026-07-07,5,1,1:5,2026-07-06,1.74,0.578,3.571,2.959,1.754,0.115,True,-1.607,0.459,1.378,-1.952,1.493
reverse,stock,ENLV,ENLV1,Enlivex Ltd. Ordinary Shares,NASDAQ,present,2026-07-09,15,1,1:15,2026-07-08,0.4805,-2.733,-6.171,-8.927,-12.62,2.671,True,-7.297,-9.865,-18.243,-35.811,-41.081
reverse,stock,RBNE,,Robin Energy Ltd. Common Stock,NASDAQ,present,2026-07-09,15,1,1:15,2026-07-08,0.4622,-10.27,-29.435,-31.118,-31.495,15.86,True,-19.702,-16.465,-27.11,-48.958,-29.288
reverse,stock,GIPR,,Generation Income Properties Inc. Common Stock,NASDAQ,present,2026-07-10,10,1,1:10,2026-07-09,0.138,12.561,-12.658,-20.69,-16.867,6.522,True,-4.762,-12.925,-16.327,-23.81,-55.714
reverse,stock,YMAT,,"J-Star Holding Co., Ltd. Class A Ordinary Shares",NASDAQ,present,2026-07-10,5,1,1:5,2026-07-09,0.38,-20.932,-30.07,-28.329,-32.021,28.421,True,-15.984,-17.623,-6.148,0.0,-25.41
reverse,stock,BIYA,,Baiya International Group Inc Class A Ordinary Shares,NASDAQ,present,2026-07-13,10,1,1:10,2026-07-10,0.455,-9.633,-11.306,10.169,-27.49,-9.89,True,-14.634,-19.024,-25.854,-14.39,1.707
reverse,etf,BMNU,,T-REX 2X Long BMNR Daily Target ETF,BATS,present,2026-07-13,10,1,1:10,2026-07-10,0.8249,3.579,2.13,1.777,7.088,-5.322,True,21.895,15.237,9.603,25.864,42.125
reverse,stock,CCHH,,CCH Holdings Ltd Class A Ordinary Shares,NASDAQ,present,2026-07-13,10,1,1:10,2026-07-10,0.19,-8.345,-26.895,-45.683,-55.083,-6.316,True,-3.933,-12.36,-9.551,-12.36,-11.236
reverse,stock,CPOP,,"Pop Culture Group Co., Ltd Class A Ordinary Shares",NASDAQ,present,2026-07-13,10,1,1:10,2026-07-10,0.0582,-5.057,-16.857,-42.885,-31.043,-20.447,True,6.285,5.832,-8.877,-14.903,-17.97
reverse,etf,DJTU,,T-REX 2X Long DJT Daily Target ETF,BATS,present,2026-07-13,10,1,1:10,2026-07-10,1.15,0.0,0.877,9.524,-1.709,-0.957,True,11.677,25.637,26.076,29.061,21.247
reverse,stock,EDBL,,Edible Garden AG Incorporated Common Stock,NASDAQ,present,2026-07-13,45,1,1:45,2026-07-10,0.0975,-15.948,-15.948,11.174,-22.619,-4.274,True,-17.143,-19.048,-23.571,-15.238,-30.714
reverse,stock,FTFT,,Future FinTech Group Inc. Common Stock,NASDAQ,present,2026-07-13,4,1,1:4,2026-07-10,0.4967,3.479,-6.283,-14.392,-18.574,-7.892,True,-10.383,-15.301,-21.311,-25.683,-39.344
reverse,stock,LMFA,,,,missing (delisted since),2026-07-13,25,1,1:25,2026-07-10,0.1321,3.527,-11.639,-11.283,-11.58,-11.582,True,-4.452,-2.74,-8.562,-16.096,
reverse,stock,PSQH,,"PSQ Holdings, Inc.",NYSE,present,2026-07-13,15,1,1:15,2026-07-10,0.408,-5.991,-2.695,-4.895,-2.788,-21.242,True,-24.481,-20.124,-33.195,-30.913,-36.1
reverse,stock,XAIR,,"Beyond Air, Inc. Common Stock",NASDAQ,present,2026-07-13,20,1,1:20,2026-07-10,0.417,-2.456,-5.442,-5.011,-10.897,-10.192,True,-22.964,-25.1,-25.901,-20.16,-28.371
reverse,stock,YHC,,LQR House Inc. Common Stock,NASDAQ,present,2026-07-13,100,1,1:100,2026-07-10,0.0241,-17.182,-33.973,-39.75,-46.563,6.639,True,-13.619,-16.342,-30.739,-27.626,-36.576
forward,etf,ARMH,,Arm Holdings PLC ADRhedged,ARCA,present,2026-07-14,1,10,10:1,2026-07-13,127.02,-6.829,-8.106,-0.039,-6.811,-6.078,True,-2.458,-7.78,-5.445,2.934,-12.237
forward,etf,ASMH,,ASML Holding NV ADRhedged,ARCA,present,2026-07-14,1,10,10:1,2026-07-13,118.8771,-3.493,-3.587,-1.737,-4.588,2.62,True,2.056,-0.095,-1.797,1.424,-10.241
reverse,stock,JEM,,707 Cayman Holdings Limited Ordinary Shares,NASDAQ,present,2026-07-14,12,1,1:12,2026-07-13,0.5033,-7.003,-55.063,-56.983,-69.497,0.172,True,-9.256,-12.562,-20.331,-38.512,-2.479
reverse,stock,LGHL,,Lion Group Holding Ltd. American Depositary Share,NASDAQ,present,2026-07-14,9,1,1:9,2026-07-13,0.2425,-9.414,-32.263,-23.114,-27.395,10.882,True,-22.727,-22.314,-27.686,-42.149,-55.372
forward,etf,STHH,,STMicroelectronics NV ADRhedged,ARCA,present,2026-07-14,1,10,10:1,2026-07-13,138.86,-3.959,-3.776,0.25,-3.502,1.984,True,-3.539,-10.461,-11.016,-6.225,-26.936
reverse,stock,YXT,,YXT.COM GROUP HOLDING LIMITED American Depository Shares,NASDAQ,present,2026-07-14,10,1,1:10,2026-07-13,0.34,1.251,-3.955,-2.857,-6.849,14.118,True,-6.701,-9.278,-16.237,-16.753,-16.753
reverse,etf,AIBD,,Direxion Daily AI and Big Data Bear 2X ETF,ARCA,present,2026-07-15,10,1,1:10,2026-07-14,5.39,0.352,3.854,4.336,-0.561,-0.588,True,5.388,8.163,7.551,3.825,19.129
reverse,etf,AMDD,,Direxion Shares ETF Trust Direxion Daily AMD Bear 1X ETF,NASDAQ,present,2026-07-15,10,1,1:10,2026-07-14,2.755,-2.65,2.037,-0.542,-5.973,3.289,True,5.534,6.62,4.899,-5.012,20.642
reverse,etf,DRIP,,Direxion Daily S&P Oil & Gas Exp. & Prod. Bear 2X ETF,ARCA,present,2026-07-15,10,1,1:10,2026-07-14,4.6,-0.648,-8.911,-7.631,-10.331,1.043,True,-1.872,-6.282,-5.938,-12.887,-8.929
reverse,etf,GGLS,,Direxion Shares ETF Trust Direxion Daily GOOGL Bear 1X ETF,NASDAQ,present,2026-07-15,10,1,1:10,2026-07-14,5.6894,-2.076,-0.709,-0.186,2.156,-3.085,True,4.463,6.821,5.17,8.127,9.591
forward,etf,KORU,,Direxion Daily MSCI South Korea Bull 3X ETF,ARCA,present,2026-07-15,1,20,20:1,2026-07-14,481.34,14.826,-13.583,-15.541,-11.653,-9.129,True,-14.723,-16.507,-15.821,-5.075,-44.765
forward,etf,MUU,,Direxion Shares ETF Trust Direxion Daily MU Bull 2X ETF,NASDAQ,present,2026-07-15,1,20,20:1,2026-07-14,742.65,9.503,-0.368,-2.875,7.848,-15.788,True,-12.024,-12.888,-9.466,9.658,-37.224
reverse,etf,SOXS,,Direxion Daily Semiconductor Bear 3X ETF,ARCA,present,2026-07-15,10,1,1:10,2026-07-14,4.28,-7.957,4.902,5.16,-10.833,7.43,True,13.136,19.291,17.421,-3.175,59.091
reverse,etf,TECS,,Direxion Daily Technology Bear 3x ETF,ARCA,present,2026-07-15,10,1,1:10,2026-07-14,6.77,-3.698,3.359,2.576,-7.64,3.102,True,6.948,10.473,10.487,1.705,28.367
reverse,etf,TZA,,Direxion Daily Small Cap Bear 3x ETF,ARCA,present,2026-07-15,10,1,1:10,2026-07-14,4.04,-0.98,1.253,2.799,1.763,-1.238,True,0.1,1.805,3.634,2.005,7.594
reverse,stock,GNPX,,"Genprex, Inc. Common Stock",NASDAQ,present,2026-07-16,22,1,1:22,2026-07-15,0.4909,5.98,-8.277,-12.324,-12.946,-25.925,True,-4.125,-9.875,0.063,-6.375,-24.25
reverse,stock,VIVK,,"Vivakor, Inc. Common Stock",NASDAQ,present,2026-07-17,20,1,1:20,2026-07-16,0.213,-5.165,-29.377,-30.619,-31.29,-46.948,False,,,,,
reverse,stock,APM,NIKI,,,missing (delisted since),2026-07-20,10,1,1:10,2026-07-17,0.7,1.098,-14.415,-14.089,-10.486,,,,,,,
reverse,stock,BANL,,CBL International Limited Class B Ordinary Shares,NASDAQ,present,2026-07-20,13,1,1:13,2026-07-17,0.3575,3.623,-14.021,-14.82,-13.814,-10.49,True,24.038,9.615,14.423,20.793,8.894
forward,etf,BKEM,,BNY Mellon Emerging Markets Equity ETF,ARCA,present,2026-07-20,1,3,3:1,2026-07-17,86.9699,-1.865,-3.749,-4.038,-5.945,0.469,True,3.204,2.628,1.819,0.323,1.57
forward,etf,BKIE,,BNY Mellon International Equity ETF,ARCA,present,2026-07-20,1,3,3:1,2026-07-17,99.68,-0.19,-0.885,-0.31,-0.727,-0.682,True,1.212,1.424,0.106,1.303,3.088
forward,etf,BKLC,,BNY Mellon US Large Cap Core Equity ETF,ARCA,present,2026-07-20,1,3,3:1,2026-07-17,142.38,-1.049,-1.603,-1.228,-1.631,-0.211,True,0.908,0.76,-0.507,-0.443,2.09
forward,etf,BKMC,,BNY Mellon US Mid Cap Core Equity ETF,ARCA,present,2026-07-20,1,3,3:1,2026-07-17,120.6262,-0.478,-0.222,-0.199,-0.564,-0.709,True,0.823,0.758,0.05,1.063,1.87
forward,etf,BKSE,,BNY Mellon US Small Cap Core Equity ETF,ARCA,present,2026-07-20,1,3,3:1,2026-07-17,132.9006,-0.428,-0.206,0.281,0.116,-0.428,True,0.792,0.174,-0.385,0.493,1.618
reverse,stock,CCG,,Cheche Group Inc. Class A Ordinary Shares,NASDAQ,present,2026-07-20,35,1,1:35,2026-07-17,0.4438,-2.462,-3.585,0.567,-5.574,-2.337,True,-22.808,-20.897,-18.226,-20.171,-8.306
reverse,stock,CDT,,CDT Equity Inc. Common Stock,NASDAQ,present,2026-07-20,10,1,1:10,2026-07-17,0.3134,-11.718,-10.712,-10.457,-17.786,13.752,True,7.433,-5.189,-8.275,-20.196,-19.635
reverse,stock,CIIT,,"Tianci International, Inc. Common Stock",NASDAQ,present,2026-07-20,10,1,1:10,2026-07-17,0.2947,-9.211,-28.297,-31.735,-38.566,18.086,True,9.195,-1.724,4.023,1.724,1.437
reverse,stock,DFNS,,T3 Defense Inc. Common Stock,NASDAQ,present,2026-07-20,125,1,1:125,2026-07-17,0.042,-14.807,-39.394,-42.387,-65.0,-18.857,True,54.225,10.329,-8.451,207.512,1343.662
reverse,stock,PRPL,,"Purple Innovation, Inc. Common Stock",NASDAQ,present,2026-07-20,25,1,1:25,2026-07-17,0.2897,-6.579,-10.003,-7.444,-11.784,-15.499,True,6.209,11.438,14.379,34.314,47.059
forward,stock,SNEX,,StoneX Group Inc. Common Stock,NASDAQ,present,2026-07-20,1,1.5,1.5:1,2026-07-17,102.99,-7.116,-10.762,-9.052,-12.513,2.986,True,5.431,4.681,5.869,5.261,7.75
reverse,stock,TOMZ,,"TOMI Environmental Solutions, Inc. Common Stock",NASDAQ,present,2026-07-20,3,1,1:3,2026-07-17,0.6921,0.919,-7.597,-6.448,-14.046,-11.386,True,0.005,-1.082,-11.408,-9.234,-5.43
reverse,stock,CANG,,Cango Inc.,NYSE,present,2026-07-21,10,1,1:10,2026-07-20,0.1785,0.62,-0.833,-9.574,-12.543,-1.401,True,10.227,3.977,-3.977,-3.409,-6.818
forward,etf,CRDU,,Tradr 2X Long CRDO Daily ETF,BATS,present,2026-07-21,1,4,4:1,2026-07-20,55.01,10.02,4.363,-15.369,-20.917,10.307,True,3.823,12.393,-10.02,-28.082,6.79
reverse,etf,IREZ,,Tradr 2X Short IREN Daily ETF,BATS,present,2026-07-21,3,1,1:3,2026-07-20,7.57,-39.705,-35.492,-23.766,-20.816,-4.976,True,0.0,3.475,21.733,43.049,-39.852
forward,etf,LABX,,Tradr 2X Long ALAB Daily ETF,BATS,present,2026-07-21,1,6,6:1,2026-07-20,82.97,4.378,-6.597,-23.226,-28.449,7.677,True,6.917,3.694,-18.334,-36.064,18.939
reverse,etf,NBIZ,,Tradr 2X Short NBIS Daily ETF,BATS,present,2026-07-21,3,1,1:3,2026-07-20,12.17,-5.07,-12.446,12.269,22.681,-37.551,True,-1.447,-3.772,25.351,49.254,-43.991
reverse,etf,PONX,,Tradr 2X Long PONY Daily ETF,BATS,present,2026-07-21,5,1,1:5,2026-07-20,2.91,2.105,-8.202,-12.874,-0.899,5.43,True,-1.434,11.604,7.106,20.339,33.312
reverse,etf,SNDQ,,Tradr 2X Short SNDK Daily ETF,BATS,present,2026-07-21,10,1,1:10,2026-07-20,3.995,-4.654,2.174,27.636,33.612,-28.411,True,-1.678,-2.937,18.531,86.014,-22.937
forward,stock,WLFC,,Willis Lease Finance Corporation Common Stock,NASDAQ,present,2026-07-21,1,3,3:1,2026-07-20,189.36,-1.195,-3.388,-8.504,-12.382,3.533,True,1.484,3.275,5.654,7.728,8.064
reverse,stock,XPON,,"Expion Energy, Inc. Common Stock",NASDAQ,present,2026-07-21,12,1,1:12,2026-07-20,0.282,-8.322,-18.497,-20.853,-15.009,9.634,True,-3.774,-5.66,-11.186,-3.235,-7.008
reverse,stock,MSS,,Maison Solutions Inc. Class A Common Stock,NASDAQ,present,2026-07-22,5,1,1:5,2026-07-21,0.4888,12.757,-13.318,-14.17,-15.913,14.157,True,-7.885,-34.05,-34.05,-41.219,-46.953
reverse,stock,APUS,,"Apimeds Pharmaceuticals US, Inc.",AMEX,present,2026-07-24,10,1,1:10,2026-07-23,0.6533,-1.015,2.559,1.021,-0.26,-13.516,True,11.327,41.593,1.77,-8.85,-25.133
reverse,stock,DBGI,,"Digital Brands Group, Inc. Common Stock",NASDAQ,present,2026-07-24,40,1,1:40,2026-07-23,0.501,1.233,6.596,11.581,-28.622,-35.629,True,-2.636,12.636,-6.899,19.767,18.992
reverse,stock,FFAI,,Faraday Future Intelligent Electric Inc. Class A Common Stock,NASDAQ,present,2026-07-24,150,1,1:150,2026-07-23,0.0717,-9.584,-35.753,-34.58,-41.99,-39.656,False,,,,,
reverse,stock,TRIB,,Trinity Biotech plc American Depositary Shares,NASDAQ,present,2026-07-24,30,1,1:30,2026-07-23,0.2986,-1.55,-16.755,-10.866,-19.45,-5.727,True,8.348,47.425,56.069,37.359,47.188
reverse,stock,AMZE,,"Amaze Holdings, Inc.",AMEX,present,2026-07-27,8,1,1:8,2026-07-24,0.0924,0.0,0.0,0.0,0.0,-58.496,False,,,,,
reverse,stock,SBEV,,,,missing (delisted since),2026-07-27,4,1,1:4,2026-07-24,0.0936,0.0,0.0,0.0,0.0,-11.832,True,6.816,-3.151,4.544,7.573,24.871
reverse,stock,SGLY,,Singularity Future Technology Ltd. Common Stock,NASDAQ,present,2026-07-27,14,1,1:14,2026-07-24,0.2686,9.276,2.129,1.206,1.742,6.638,True,11.222,12.469,14.963,35.661,113.217
reverse,stock,STKH,,Steakholder Foods Ltd. American Depositary Shares,NASDAQ,present,2026-07-27,3,1,1:3,2026-07-24,0.4226,-8.33,-24.563,-13.366,-12.013,6.484,True,166.667,100.741,109.63,105.926,218.519
reverse,stock,VYNE,,,,missing (delisted since),2026-07-27,50,1,1:50,2026-07-24,0.509,-44.878,-43.293,-42.982,-33.114,12.22,True,,,,,
reverse,stock,ZNB,,Zeta Network Group Class A Ordinary Shares,NASDAQ,present,2026-07-27,8,1,1:8,2026-07-24,0.28,2.564,-5.469,-25.453,-29.965,20.089,True,8.922,-10.781,5.204,-7.807,1.487
reverse,stock,WHLR,,"Wheeler Real Estate Investment Trust, Inc. Common Stock",NASDAQ,present,2026-07-28,5,1,1:5,2026-07-27,0.2401,-3.341,3.136,-25.758,-27.021,8.288,True,-28.069,-46.923,-54.538,-59.262,-64.777
reverse,stock,YAAS,,Youxin Technology Ltd Class A Ordinary shares,NASDAQ,present,2026-07-30,5,1,1:5,2026-07-29,0.5915,-5.932,-18.109,-18.973,-21.091,-17.498,True,-5.328,-4.918,-7.377,2.869,18.033
reverse,stock,CLDI,,"Calidi Biotherapeutics, Inc.",AMEX,present,2026-07-31,16,1,1:16,2026-07-30,0.0933,0.0,-13.128,-14.795,-11.143,9.861,True,2.439,15.244,7.317,-1.22,-3.049
reverse,stock,CSAI,,"Cloudastructure, Inc. Class A Common Stock",NASDAQ,present,2026-07-31,30,1,1:30,2026-07-30,0.1981,3.717,-19.798,-12.885,-22.496,-2.406,True,-36.379,-32.069,-15.172,22.759,-1.552
reverse,stock,FMFC,,Kandal M Venture Limited Class A Ordinary Shares,NASDAQ,present,2026-07-31,16,1,1:16,2026-07-30,0.2171,0.556,-4.613,-6.624,-15.46,-84.912,False,,,,,
reverse,stock,NEXR,,Nexera Technologies Ltd Ordinary Shares,NASDAQ,present,2026-07-31,11,1,1:11,2026-07-30,0.386,28.667,14.984,53.724,6.777,-16.863,True,-14.448,-14.731,-27.762,-19.263,-18.98
reverse,stock,OFAL,,OFA Group Class A Ordinary Shares,NASDAQ,present,2026-07-31,10,1,1:10,2026-07-30,0.1049,2.642,-3.496,1.845,-1.595,-1.811,True,3.883,-8.252,-22.68,-30.34,5.825
reverse,stock,KWM,,"K Wave Media, Ltd. Ordinary Shares",NASDAQ,present,2026-08-03,30,1,1:30,2026-07-31,0.0837,11.008,-19.519,-28.155,-30.25,20.271,True,-26.49,-25.497,-17.219,-23.51,-8.278
reverse,stock,LBGJ,,Li Bang International Corporation Class A Ordinary Shares,NASDAQ,present,2026-08-03,200,1,1:200,2026-07-31,0.0187,3.889,-22.083,-37.667,-39.482,12.032,True,-15.036,-15.513,-1.671,-22.673,-22.673
reverse,stock,LEXX,,Lexaria Bioscience Corp. Common Stock,NASDAQ,present,2026-08-03,15,1,1:15,2026-07-31,0.391,-1.337,-26.226,-27.606,-30.054,-19.011,True,18.316,19.368,12.421,15.579,117.263
reverse,stock,MVIS,,"MicroVision, Inc. Common Stock",NASDAQ,present,2026-08-03,15,1,1:15,2026-07-31,0.266,8.749,9.917,7.562,5.681,-3.509,True,-5.065,-17.532,-15.325,-3.377,-44.416
reverse,stock,PMI,,"Picard Medical, Inc.",AMEX,present,2026-08-03,50,1,1:50,2026-07-31,0.0878,0.0,0.0,0.0,0.0,16.856,True,-16.179,-29.24,-30.994,-29.045,-31.384
reverse,stock,SEGG,,Sports Entertainment Gaming Global Corporation Common Stock,NASDAQ,present,2026-08-03,7,1,1:7,2026-07-31,0.4895,12.892,-12.574,-15.893,-22.24,-14.49,True,3.072,-9.556,-11.604,-14.676,-15.7
reverse,stock,TOP,,TOP Financial Group Limited Class A Ordinary Shares,NASDAQ,present,2026-08-03,5,1,1:5,2026-07-31,2.06,-1.199,-2.37,-8.85,-5.936,2.136,True,4.753,-0.665,1.378,10.456,8.08
reverse,stock,WETO,,Wetour Robotics Limited Ordinary Shares,NASDAQ,present,2026-08-03,100,1,1:100,2026-07-31,0.09,200.0,142.588,106.422,-10.803,-25.778,True,-20.21,-25.898,-13.623,-25.898,268.114
reverse,stock,AEMD,,"Aethlon Medical, Inc. Common Stock",NASDAQ,present,2026-08-04,5,1,1:5,2026-08-03,0.6668,0.604,17.809,25.48,18.437,5.579,True,-7.67,-14.205,-10.511,-9.659,-17.898
reverse,stock,BYAH,,"Park Ha Biological Technology Co., Ltd. Class A Ordinary Shares",NASDAQ,present,2026-08-06,8,1,1:8,2026-08-05,0.3301,-1.492,-6.909,-9.809,-7.768,21.933,True,-2.484,7.143,10.248,-1.553,-8.075
reverse,stock,GRNQ,,Greenpro Capital Corp. Common Stock,NASDAQ,present,2026-08-06,10,1,1:10,2026-08-05,1.1348,-5.433,-3.009,-11.344,5.074,-11.879,True,12.654,9.2,-7.364,-8.0,37.0
reverse,stock,SUGP,,SU Group Holdings Limited Class A Ordinary Shares,NASDAQ,present,2026-08-06,5,1,1:5,2026-08-05,0.3824,-0.494,-20.05,-15.771,-20.333,2.51,True,6.122,5.102,10.204,2.041,41.837
reverse,stock,IPW,,iPower Inc. Common Stock,NASDAQ,present,2026-08-07,9,1,1:9,2026-08-06,0.3755,2.933,-32.946,-29.404,-33.914,9.78,True,-1.887,2.695,-6.739,-7.951,-25.606
reverse,stock,JUNS,,"Jupiter Neurosciences, Inc. Common Stock",NASDAQ,present,2026-08-07,75,1,1:75,2026-08-06,0.0751,-2.468,-27.51,-24.9,-22.974,-9.454,True,4.118,-7.843,-9.608,2.745,21.569
reverse,stock,AEHL,,Antelope Enterprise Holdings Limited Class A Ordinary Shares,NASDAQ,present,2026-08-10,16,1,1:16,2026-08-07,0.3038,-0.849,-7.939,-31.345,-36.096,17.47,True,-5.517,-11.033,-17.163,-10.508,6.743
reverse,stock,ELPW,,Elong Power Holding Limited Class A Ordinary Shares,NASDAQ,present,2026-08-10,45,1,1:45,2026-08-07,0.0997,-8.532,-29.291,-37.453,-43.094,-10.621,True,20.449,13.466,5.486,-6.484,-3.242
reverse,stock,NXTT,,Next Technology Holding Inc. Ordinary Shares,NASDAQ,present,2026-08-10,100,1,1:100,2026-08-07,0.0601,-16.528,-34.46,-47.648,-87.735,8.985,True,-1.985,-6.107,-5.496,-9.924,17.863
reverse,stock,ONFO,,Onfolio Holdings Inc. Common Stock,NASDAQ,present,2026-08-10,50,1,1:50,2026-08-07,0.043,-28.333,-40.771,-46.914,-45.57,11.628,True,2.5,-2.083,-3.75,-2.083,-44.583
reverse,stock,SXTC,,"China SXT Pharmaceuticals, Inc. Class A Ordinary Shares",NASDAQ,present,2026-08-10,80,1,1:80,2026-08-07,0.0455,-15.584,-32.09,-63.038,-26.375,-1.374,True,-2.228,-8.078,-8.078,4.457,5.85
reverse,stock,THH,,TryHard Holdings Limited Ordinary Shares,NASDAQ,present,2026-08-10,10,1,1:10,2026-08-07,0.229,-2.553,-8.106,-12.729,-3.983,35.808,True,-16.077,-15.434,-17.042,-15.113,-28.939
reverse,stock,TNON,,"Tenon Medical, Inc. Common Stock",NASDAQ,present,2026-08-10,35,1,1:35,2026-08-07,0.131,-22.024,-31.7,-31.948,-33.838,31.952,True,1.488,-6.777,-1.488,-18.678,4.298
forward,stock,MNST,,Monster Beverage Corporation,NASDAQ,present,2026-08-11,1,2,2:1,2026-08-10,91.43,1.184,-2.899,-3.208,-2.266,-0.405,True,0.988,2.526,2.833,4.063,7.028
reverse,stock,MSGY,,Masonglory Limited Class A Ordinary Shares,NASDAQ,present,2026-08-11,8,1,1:8,2026-08-10,0.2893,7.267,3.285,7.948,1.866,48.203,True,-13.994,-16.91,-19.825,-27.114,-34.402
reverse,stock,BNRG,,,,missing (delisted since),2026-08-13,6,1,1:6,2026-08-12,0.4671,5.203,18.223,23.735,12.446,23.457,True,,,,,
reverse,stock,KIDZ,,KIDZ AI Inc. Class B Common Stock,NASDAQ,present,2026-08-13,15,1,1:15,2026-08-12,0.273,-3.534,-32.224,-31.733,-37.385,0.855,True,-4.116,-1.453,14.286,22.034,17.191
reverse,stock,MBAI,,MBody AI Ltd. Ordinary Share,NASDAQ,present,2026-08-13,7,1,1:7,2026-08-12,1.27,6.276,-3.053,-9.929,-2.308,-0.675,True,-1.246,-9.173,-5.323,-9.173,-25.595
reverse,stock,MYSZ,,"My Size, Inc. Common Stock",NASDAQ,present,2026-08-13,8,1,1:8,2026-08-12,0.4172,9.501,8.392,6.974,8.167,1.27,True,-12.13,-8.876,-31.361,-26.627,-23.077
reverse,stock,SMXT,,Solarmax Technology Inc. Common Stock,NASDAQ,present,2026-08-13,12,1,1:12,2026-08-12,0.3726,5.762,0.675,-1.973,-4.216,-5.842,True,-2.375,-7.838,-9.026,-10.689,-28.266
reverse,stock,BYND,,"Beyond Meat, Inc. Common Stock",NASDAQ,present,2026-08-14,30,1,1:30,2026-08-13,0.407,-1.715,-2.538,-21.731,-22.844,10.319,True,-13.66,-5.419,4.529,9.651,2.895
reverse,stock,HAO,,Haoxi Health Technology Limited Class A Ordinary Shares,NASDAQ,present,2026-08-14,20,1,1:20,2026-08-13,0.1627,3.631,-1.394,2.327,8.539,22.311,True,2.513,12.814,-3.518,-17.839,-22.864
reverse,stock,PFSA,,"Profusa, Inc. Common Stock",NASDAQ,present,2026-08-17,4,1,1:4,2026-08-14,0.8998,-5.344,-6.756,-8.65,-6.543,25.861,True,506.623,199.558,67.108,1.104,-33.775
reverse,stock,YYAI,,AiRWA Inc. Common Stock,NASDAQ,present,2026-08-17,20,1,1:20,2026-08-14,0.0565,-11.581,-22.39,-30.675,-27.564,7.965,True,22.951,-3.279,-2.459,-9.836,-31.27
reverse,stock,CXAI,,CXApp Inc. Class A Common Stock,NASDAQ,present,2026-08-18,50,1,1:50,2026-08-17,0.089,-19.53,-49.374,-45.231,-45.231,-4.27,True,7.746,-7.512,-9.624,-8.685,-17.136
reverse,stock,RCON,,"Recon Technology, Ltd. Class A Ordinary Shares",NASDAQ,present,2026-08-18,200,1,1:200,2026-08-17,0.0224,-12.5,-18.841,-13.846,-36.901,-25.446,True,9.88,8.683,-7.784,-38.922,-55.689
reverse,stock,CISS,,C3is Inc. Common Stock,NASDAQ,present,2026-08-19,40,1,1:40,2026-08-18,0.0685,15.32,-13.619,-16.259,-17.47,12.774,True,-5.178,-5.502,-15.534,-5.178,-54.693
reverse,stock,GLMD,,Galmed Pharmaceuticals Ltd. Ordinary Shares,NASDAQ,present,2026-08-19,8,1,1:8,2026-08-18,0.5602,9.116,7.092,5.499,0.593,6.435,True,-6.499,-9.748,-15.094,-9.224,-13.648
reverse,stock,NRDY,,Nerdy Inc.,NYSE,present,2026-08-19,15,1,1:15,2026-08-18,0.6539,-4.61,-7.524,-9.745,-11.968,2.972,True,-1.584,4.554,2.178,2.871,-4.059
reverse,stock,CURX,,Curanex Pharmaceuticals Inc Common Stock,NASDAQ,present,2026-08-20,20,1,1:20,2026-08-19,0.2704,21.802,27.127,24.379,19.646,-2.552,True,-10.626,-12.144,-9.867,-11.195,-11.879
reverse,stock,BTOG,,Bit Origin Limited Class A Ordinary Shares,NASDAQ,present,2026-08-21,5,1,1:5,2026-08-20,0.7367,-14.506,-5.551,-10.148,-11.983,1.262,True,-10.992,-2.949,-8.311,-16.89,
reverse,stock,ELAB,,PMGC Holdings Inc. Common Stock,NASDAQ,present,2026-08-21,10,1,1:10,2026-08-20,0.61,8.87,-26.506,-30.126,-31.965,9.18,True,-2.102,-14.565,-9.159,-20.27,
reverse,stock,LIMN,,"Liminatus Pharma, Inc. Class A Common Stock",NASDAQ,present,2026-08-21,50,1,1:50,2026-08-20,0.1135,1.611,-12.692,-19.731,-24.283,-9.075,True,-9.496,-10.659,-14.535,-18.023,
reverse,stock,SCNI,,Scinai Immunotherapeutics Ltd. American Depositary Shares,NASDAQ,present,2026-08-21,10,1,1:10,2026-08-20,0.294,7.299,24.841,28.834,22.5,9.524,True,-2.795,-10.559,-10.87,-22.05,
forward,stock,SFBS,,ServisFirst Bancshares Inc.,NYSE,present,2026-08-21,1,2,2:1,2026-08-20,87.28,-0.57,-3.044,-3.59,-4.643,-0.687,True,1.384,-0.485,-0.069,-0.323,
reverse,stock,SMTK,,"SmartKem, Inc. Common Stock",NASDAQ,present,2026-08-21,50,1,1:50,2026-08-20,0.1025,17.546,12.022,15.039,-5.704,-13.951,True,-15.646,-16.1,-4.308,-21.995,
reverse,stock,XCH,,XCHG Limited American Depositary Share,NASDAQ,present,2026-08-21,20,1,1:20,2026-08-20,0.231,-3.75,-7.229,-5.868,-13.288,0.0,True,-1.732,-8.658,-13.203,-18.831,
reverse,etf,AXTU,,T-REX 2X Long AXTI Daily Target ETF,BATS,present,2026-08-24,10,1,1:10,2026-08-21,4.52,-7.377,-8.502,-28.481,-30.247,-15.316,True,6.669,0.112,4.997,-16.53,
reverse,stock,BIAF,,"bioAffinity Technologies, Inc. Common Stock",NASDAQ,present,2026-08-24,15,1,1:15,2026-08-21,0.4,-0.025,-2.2,-15.487,-0.522,-3.0,True,-10.825,-12.543,-13.058,-21.649,
reverse,stock,BRCC,,BRC Inc.,NYSE,present,2026-08-24,10,1,1:10,2026-08-21,0.8799,1.817,8.63,7.083,3.603,6.035,True,-8.36,-8.146,-10.182,-13.826,
reverse,etf,CCUP,,T-REX 2X Long CRCL Daily Target ETF,BATS,present,2026-08-24,10,1,1:10,2026-08-21,2.65,10.647,25.0,48.459,48.045,-0.453,True,9.515,5.042,14.708,16.073,
reverse,etf,CRWU,,T-REX 2X Long CRWV Daily Target ETF,BATS,present,2026-08-24,10,1,1:10,2026-08-21,3.77,-4.315,-6.914,-11.606,-32.072,-3.899,True,4.195,4.913,0.994,-3.009,
reverse,stock,GAME,,"GameSquare Holdings, Inc. Common Stock",NASDAQ,present,2026-08-24,8,1,1:8,2026-08-21,0.4223,-3.342,1.588,-5.058,2.005,-6.317,True,15.324,8.373,1.738,-9.953,
reverse,stock,GRML,,Greenland Mines Ltd. Common Stock,NASDAQ,present,2026-08-24,50,1,1:50,2026-08-21,0.2027,21.232,-1.84,7.819,-0.295,-15.639,True,13.567,-41.053,-38.48,-43.275,
forward,stock,IESC,,"IES Holdings, Inc. Common Stock",NASDAQ,present,2026-08-24,1,2,2:1,2026-08-21,685.04,0.297,-1.769,-7.275,-9.408,-5.372,True,-3.36,2.271,2.946,-6.516,
reverse,stock,INCR,,Intercure Ltd. Ordinary Shares,NASDAQ,present,2026-08-24,5,1,1:5,2026-08-21,0.8515,-2.014,-8.441,-10.368,-13.99,28.714,True,7.299,8.577,3.65,5.109,
reverse,etf,MSTU,,T-Rex 2X Long MSTR Daily Target ETF,BATS,present,2026-08-24,10,1,1:10,2026-08-21,2.73,12.346,29.691,61.062,58.721,5.714,True,5.683,-0.52,22.453,13.063,
reverse,etf,SBTU,,T-REX 2X Long SBET Daily Target ETF,BATS,present,2026-08-24,10,1,1:10,2026-08-21,3.74,9.038,24.252,54.545,56.485,8.667,True,2.408,1.802,15.055,7.478,
reverse,stock,SKYE,,"Skye Bioscience, Inc. Common Stock",NASDAQ,present,2026-08-24,8,1,1:8,2026-08-21,0.28,-0.32,-8.467,-22.006,-44.167,-3.125,True,-7.143,-6.912,-10.138,-22.581,
reverse,etf,TEUP,,T-REX 2X Long TE Daily Target ETF,BATS,present,2026-08-24,10,1,1:10,2026-08-21,2.625,2.539,-6.417,-10.103,-25.637,-3.794,True,12.558,7.706,27.588,2.742,
reverse,etf,TTDU,,T-REX 2X Long TTD Daily Target ETF,BATS,present,2026-08-24,10,1,1:10,2026-08-21,1.23,-1.6,-5.385,-3.906,-13.684,1.138,True,-0.469,-3.537,1.616,6.752,
reverse,stock,VCIG,,VCI Global Limited Ordinary Share,NASDAQ,present,2026-08-24,15,1,1:15,2026-08-21,0.2129,-9.788,-13.49,-13.455,-17.481,-6.999,True,-4.377,-5.724,-10.438,-30.64,
reverse,stock,GPUS,,"Hyperscale Data, Inc.",AMEX,present,2026-08-25,5,1,1:5,2026-08-24,0.0936,0.0,0.0,0.0,0.0,-14.53,True,-7.475,-16.975,-23.325,-40.175,
reverse,stock,REAX,,Real REMAX Group Inc. Common Stock,NASDAQ,present,2026-08-25,10,1,1:10,2026-08-24,2.4,-9.091,-12.727,-13.978,-0.826,18.458,True,-6.472,-16.884,-25.818,-36.44,
reverse,stock,VMAR,,Vision Marine Technologies Inc. Common Shares,NASDAQ,present,2026-08-26,10,1,1:10,2026-08-25,0.7182,1.412,7.034,2.09,2.162,29.49,True,-19.247,-17.742,-16.344,-9.14,
reverse,stock,IMCC,,IM Cannabis Corp. Common Shares,NASDAQ,present,2026-08-27,30,1,1:30,2026-08-26,0.1114,2.39,1.735,-1.241,5.094,17.893,True,-13.452,-22.335,-26.65,-42.289,
reverse,stock,LGVN,,Longeveron Inc. Class A Common Stock,NASDAQ,present,2026-08-27,10,1,1:10,2026-08-26,0.7033,3.426,-16.054,-16.759,-14.472,-3.313,True,-1.176,1.471,-0.735,-2.647,
reverse,stock,NVX,,NOVONIX Limited American Depository Shares,NASDAQ,present,2026-08-27,10,1,1:10,2026-08-26,0.4094,-5.885,-2.94,1.086,1.261,-11.822,True,-2.77,-14.681,-16.066,-19.668,
reverse,stock,WHLR,,"Wheeler Real Estate Investment Trust, Inc. Common Stock",NASDAQ,present,2026-08-27,4,1,1:4,2026-08-26,0.399,8.868,9.285,11.796,7.2,-29.825,True,-4.464,-39.286,-48.277,-55.125,
reverse,stock,YMT,,Yimutian Inc. American Depositary Shares,NASDAQ,present,2026-08-27,16,1,1:16,2026-08-26,0.202,5.759,0.899,-2.885,-1.319,-13.985,True,1.079,1.799,-10.072,-29.137,
reverse,stock,CYCU,,"Cycurion, Inc. Common Stock",NASDAQ,present,2026-08-28,8,1,1:8,2026-08-27,0.484,5.539,-25.573,-24.481,-29.528,-0.568,True,-4.675,-18.961,-21.299,,
reverse,stock,ARTL,,"Artelo Biosciences, Inc. Common Stock",NASDAQ,present,2026-08-31,9,1,1:9,2026-08-28,0.6627,0.257,-6.741,-7.599,-4.234,6.634,True,-3.223,2.516,1.73,,
reverse,stock,CALC,,"CalciMedica, Inc. Common Stock",NASDAQ,present,2026-08-31,5,1,1:5,2026-08-28,0.4644,-1.191,-20.953,-21.02,-18.925,-7.838,True,-6.542,-1.869,3.037,,
reverse,stock,CHGA,,Change Agents Corporation Common Stock,NASDAQ,present,2026-08-31,20,1,1:20,2026-08-28,0.1426,9.105,-20.38,-19.435,-15.87,1.332,True,-13.495,-15.225,-16.609,,
reverse,stock,FTFT,,Future FinTech Group Inc. Common Stock,NASDAQ,present,2026-08-31,4,1,1:4,2026-08-28,0.5547,-4.625,-18.294,-18.546,-16.132,-12.115,True,-6.667,-10.256,-16.923,,
reverse,stock,GCTK,,"GlucoTrack, Inc. Common Stock",NASDAQ,present,2026-08-31,15,1,1:15,2026-08-28,0.282,-1.468,-12.177,-17.108,-18.826,0.473,True,-13.412,-16.941,-19.464,,
reverse,stock,HCWC,,Healthy Choice Wellness Corp.,AMEX,present,2026-08-31,35,1,1:35,2026-08-28,0.2413,-6.654,-21.015,-17.079,-12.794,-0.42,True,-11.534,-14.625,-17.598,,
reverse,stock,NXL,,"Nexalin Technology, Inc. Common Stock",NASDAQ,present,2026-08-31,30,1,1:30,2026-08-28,0.25,-1.884,-15.254,-21.556,-24.721,-3.6,True,-5.947,-14.385,-21.162,,
reverse,stock,OMH,,Ohmyhome Limited Class A Ordinary Shares,NASDAQ,present,2026-08-31,50,1,1:50,2026-08-28,0.07,-7.773,-28.571,-28.934,-26.004,-7.429,True,2.778,-1.543,-4.012,,
reverse,stock,TPET,,Trio Petroleum Corp.,AMEX,present,2026-08-31,9,1,1:9,2026-08-28,0.2091,-3.239,2.5,1.752,1.014,-2.226,True,3.804,-3.261,-1.63,,
reverse,stock,VBIO,,"Valion Bio, Inc. Common Stock",NASDAQ,present,2026-08-31,25,1,1:25,2026-08-28,0.1209,-1.387,-22.5,-23.962,-1.387,18.114,True,-14.006,-12.605,-18.286,,
reverse,stock,VEEA,,Veea Inc. Common Stock,NASDAQ,present,2026-08-31,20,1,1:20,2026-08-28,0.1031,3.1,-15.837,-20.814,-26.776,-12.706,True,-5.0,-7.222,-4.444,,
reverse,etf,WZRD,,Opportunistic Trader ETF,BATS,present,2026-08-31,15,1,1:15,2026-08-28,0.86,1.176,-11.948,-15.686,-4.444,-9.705,True,-14.681,1.012,-9.256,,
reverse,stock,FEED,,"ENvue Medical, Inc. Common Stock",NASDAQ,present,2026-09-01,12,1,1:12,2026-08-31,0.3501,1.626,-4.838,-7.381,-11.367,2.59,True,-4.64,-9.977,,,
reverse,stock,FGL,,Founder Group Limited Class A Ordinary Shares,NASDAQ,present,2026-09-01,100,1,1:100,2026-08-31,0.152,-0.913,-14.607,-20.916,-44.808,13.355,True,-6.558,-19.037,,,
reverse,stock,KAPA,,"Kairos Pharma, Ltd.",AMEX,present,2026-09-01,7,1,1:7,2026-08-31,0.24,1.223,-0.415,-7.692,3.448,-1.786,True,-4.242,-3.636,,,
reverse,stock,LGCL,,Lucas GC Limited Class A Ordinary Shares,NASDAQ,present,2026-09-01,125,1,1:125,2026-08-31,0.0351,-9.769,-34.146,-38.743,-25.319,-0.855,True,-1.839,-6.929,,,
reverse,stock,NIVF,,NewGenIvf Group Limited Class A Ordinary Shares,NASDAQ,present,2026-09-01,3,1,1:3,2026-08-31,0.4497,6.64,-3.89,-5.306,-9.096,-1.416,True,-9.023,-11.286,,,
forward,stock,RUSHA,,"Rush Enterprises, Inc. Common Stock Cl A",NASDAQ,present,2026-09-01,1,1.5,1.5:1,2026-08-31,76.83,0.734,0.274,-0.182,-2.413,-4.822,True,1.179,2.79,,,
forward,stock,RUSHB,,"Rush Enterprises, Inc. Class B",NASDAQ,present,2026-09-01,1,1.5,1.5:1,2026-08-31,77.74,1.092,0.699,1.382,-1.483,-4.567,True,-0.404,2.891,,,
reverse,stock,BURU,BURUD,,,missing (delisted since),2026-09-02,40,1,1:40,2026-08-31,0.0727,0.0,0.0,0.0,0.0,,,,,,,
forward,stock,APH,,Amphenol Corporation,NYSE,present,2026-09-03,1,2,2:1,2026-09-02,160.08,-1.9,0.965,1.483,-0.781,1.474,True,,,,,
